slug,image_type,path,format,alt_text,license,source,note
5-amino-1mq,grade_card,images/grade-cards/5-amino-1mq.svg,svg,"Evidence-grade card for 5-Amino-1MQ (NNMT inhibitor). Overall grade C. Per-outcome — Fat loss / anti-obesity: F; NNMT as an obesity target (validation): C; Muscle stem cells / aging / recomposition: F; Lipids / insulin sensitivity: F; Human efficacy or safety (any use): F; Safety (animal): not graded. Based on 5 cited sources, 1 DOI-verified.",CC-BY-4.0,Vallydia Ingredient-Evidence Register (https://vallydia.com) — evidence-grade card rendered from the dataset grades,
5-amino-1mq,none,,,,CC-BY-4.0,Vallydia Ingredient-Evidence Register (https://vallydia.com) — structure rendered with RDKit from a PubChem-resolved SMILES,no image — identifier confidence 'none'; no confident structure to render
adipotide,grade_card,images/grade-cards/adipotide.svg,svg,"Evidence-grade card for Adipotide (FTPP / Prohibitin-TP01). Overall grade C. Per-outcome — Weight loss / fat reduction (the marketed use): F; Insulin sensitivity / metabolic: F; Human efficacy: F; Safety (the decisive issue): F; Mechanism / target validation: C. Based on 5 cited sources, 3 DOI-verified.",CC-BY-4.0,Vallydia Ingredient-Evidence Register (https://vallydia.com) — evidence-grade card rendered from the dataset grades,
adipotide,sequence_card,images/structures/adipotide.svg,svg,"Data card for Adipotide (FTPP / Prohibitin-TP01): peptide, molecular formula C111H206N36O28S2, 177 heavy atoms, molecular weight 2557.2 g/mol. Large peptide — 2D structure not shown.",CC-BY-4.0,Vallydia Ingredient-Evidence Register (https://vallydia.com) — structure rendered with RDKit from a PubChem-resolved SMILES,"large molecule (177 heavy atoms > 70) — schematic card, not a 2D depiction"
afamelanotide,grade_card,images/grade-cards/afamelanotide.svg,svg,"Evidence-grade card for Afamelanotide (Scenesse / Melanotan-1). Overall grade A. Per-outcome — EPP — phototoxicity prevention / pain-free light exposure (the approved use): A; UV-independent skin pigmentation (eumelanin): B; Cosmetic tanning (the gray-market ""Melanotan-1"" use): D; Other explored uses (vitiligo, PLE, solar urticaria, acne): D; Photoprotection in the general (non-EPP) population: F; Safety: not graded. Based on 5 cited sources, 1 DOI-verified.",CC-BY-4.0,Vallydia Ingredient-Evidence Register (https://vallydia.com) — evidence-grade card rendered from the dataset grades,
afamelanotide,sequence_card,images/structures/afamelanotide.svg,svg,"Data card for Afamelanotide (Scenesse / Melanotan-1): peptide, molecular formula C78H111N21O19, 118 heavy atoms, molecular weight 1646.9 g/mol. Large peptide — 2D structure not shown.",CC-BY-4.0,Vallydia Ingredient-Evidence Register (https://vallydia.com) — structure rendered with RDKit from a PubChem-resolved SMILES,"large molecule (118 heavy atoms > 70) — schematic card, not a 2D depiction"
ahk-cu,grade_card,images/grade-cards/ahk-cu.svg,svg,"Evidence-grade card for AHK-Cu (Copper Tripeptide-3). Overall grade C. Per-outcome — Hair-follicle elongation / dermal-papilla-cell proliferation (in vitro / ex vivo): C; Topical serum increasing hair density in people (the marketed use): D; ""Regrows hair / treats hair loss"": F; Safety (topical): not graded. Based on 3 cited sources, 1 DOI-verified.",CC-BY-4.0,Vallydia Ingredient-Evidence Register (https://vallydia.com) — evidence-grade card rendered from the dataset grades,
ahk-cu,structure,images/structures/ahk-cu.svg,svg,"2D chemical structure of AHK-Cu (Copper Tripeptide-3) (C15H24ClCuN6O4-), molecular weight 451.4 g/mol, 27 heavy atoms.",CC-BY-4.0,Vallydia Ingredient-Evidence Register (https://vallydia.com) — structure rendered with RDKit from a PubChem-resolved SMILES,
aicar,grade_card,images/grade-cards/aicar.svg,svg,"Evidence-grade card for AICAR (Acadesine). Overall grade B. Per-outcome — Endurance / exercise performance (the marketed use): F; Fat oxidation / metabolic / insulin sensitivity: F; Cardioprotection (Acadesine, cardiac surgery): C; AMPK-activation (as a research tool): B; Human safety (self-use): not graded. Based on 5 cited sources, 1 DOI-verified.",CC-BY-4.0,Vallydia Ingredient-Evidence Register (https://vallydia.com) — evidence-grade card rendered from the dataset grades,
aicar,structure,images/structures/aicar.svg,svg,"2D chemical structure of AICAR (Acadesine) (C9H15N4O8P), molecular weight 338.2 g/mol, 22 heavy atoms.",CC-BY-4.0,Vallydia Ingredient-Evidence Register (https://vallydia.com) — structure rendered with RDKit from a PubChem-resolved SMILES,
alpha-arbutin,grade_card,images/grade-cards/alpha-arbutin.svg,svg,"Evidence-grade card for Alpha Arbutin. Overall grade B. Per-outcome — Hyperpigmentation / dark spots (appearance): B; Post-inflammatory hyperpigmentation / PIH (appearance): B; Melasma (appearance, usually in combination): B; Isolated standalone efficacy (arbutin alone vs control): C; Gentleness & safety (no free hydroquinone at cosmetic concentration): not graded. Based on 3 cited sources, 3 DOI-verified.",CC-BY-4.0,Vallydia Ingredient-Evidence Register (https://vallydia.com) — evidence-grade card rendered from the dataset grades,
alpha-arbutin,structure,images/structures/alpha-arbutin.svg,svg,"2D chemical structure of Alpha Arbutin (C12H16O7), molecular weight 272.3 g/mol, 19 heavy atoms.",CC-BY-4.0,Vallydia Ingredient-Evidence Register (https://vallydia.com) — structure rendered with RDKit from a PubChem-resolved SMILES,
amycretin,grade_card,images/grade-cards/amycretin.svg,svg,"Evidence-grade card for Amycretin. Overall grade B. Per-outcome — Weight loss — subcutaneous: B; Weight loss — oral: B; Type-2 diabetes (HbA1c): B; Safety: not graded. Based on 3 cited sources, 1 DOI-verified.",CC-BY-4.0,Vallydia Ingredient-Evidence Register (https://vallydia.com) — evidence-grade card rendered from the dataset grades,
amycretin,none,,,,CC-BY-4.0,Vallydia Ingredient-Evidence Register (https://vallydia.com) — structure rendered with RDKit from a PubChem-resolved SMILES,no image — identifier confidence 'none'; no confident structure to render
aod-9604,grade_card,images/grade-cards/aod-9604.svg,svg,"Evidence-grade card for AOD-9604 (hGH fragment 176-191 analog). Overall grade B. Per-outcome — Weight loss / obesity (the intended use): F; Lipolysis / fat metabolism (mechanistic): D; IGF-1 / glucose neutrality (the design goal): B; Joint / osteoarthritis (repurposing): F; Safety / tolerability: not graded. Based on 5 cited sources, 0 DOI-verified.",CC-BY-4.0,Vallydia Ingredient-Evidence Register (https://vallydia.com) — evidence-grade card rendered from the dataset grades,
aod-9604,sequence_card,images/structures/aod-9604.svg,svg,"Data card for AOD-9604 (hGH fragment 176-191 analog): peptide, molecular formula C78H123N23O23S2, 126 heavy atoms, molecular weight 1815.1 g/mol. Large peptide — 2D structure not shown.",CC-BY-4.0,Vallydia Ingredient-Evidence Register (https://vallydia.com) — structure rendered with RDKit from a PubChem-resolved SMILES,"large molecule (126 heavy atoms > 70) — schematic card, not a 2D depiction"
argireline,grade_card,images/grade-cards/argireline.svg,svg,"Evidence-grade card for Argireline (Acetyl Hexapeptide-8). Overall grade C. Per-outcome — Topical: appearance of dynamic/expression wrinkles: C; Reaching the neuromuscular junction at cosmetic doses (the ""muscle-relaxing"" premise): D; ""Works like / comparable to Botox"": F; Safety (topical): not graded. Based on 6 cited sources, 3 DOI-verified.",CC-BY-4.0,Vallydia Ingredient-Evidence Register (https://vallydia.com) — evidence-grade card rendered from the dataset grades,
argireline,structure,images/structures/argireline.svg,svg,"2D chemical structure of Argireline (Acetyl Hexapeptide-8) (C35H62N14O11S), molecular weight 887.0 g/mol, 61 heavy atoms.",CC-BY-4.0,Vallydia Ingredient-Evidence Register (https://vallydia.com) — structure rendered with RDKit from a PubChem-resolved SMILES,
azelaic-acid,grade_card,images/grade-cards/azelaic-acid.svg,svg,"Evidence-grade card for Azelaic Acid. Overall grade B. Per-outcome — Acne (appearance, cosmetic-strength topical): B; Rosacea — redness & bumps (appearance): B; Hyperpigmentation / PIH (appearance): B; Melasma (appearance): B; Skin-aging / wrinkles: F; Safety & tolerability (topical): not graded. Based on 3 cited sources, 3 DOI-verified.",CC-BY-4.0,Vallydia Ingredient-Evidence Register (https://vallydia.com) — evidence-grade card rendered from the dataset grades,
azelaic-acid,structure,images/structures/azelaic-acid.svg,svg,"2D chemical structure of Azelaic Acid (C9H16O4), molecular weight 188.2 g/mol, 13 heavy atoms.",CC-BY-4.0,Vallydia Ingredient-Evidence Register (https://vallydia.com) — structure rendered with RDKit from a PubChem-resolved SMILES,
bakuchiol,grade_card,images/grade-cards/bakuchiol.svg,svg,"Evidence-grade card for Bakuchiol. Overall grade B. Per-outcome — Topical: fine wrinkles / photoaging appearance: B; Hyperpigmentation appearance: B; Tolerability vs retinol (fewer side effects): B; Collagen/ECM gene expression (mechanism-level): B; Antioxidant / anti-lipoperoxidation: B; Acne appearance: C; Pregnancy / breastfeeding safety: not graded; Purity, sourcing, and photosensitising contaminants (safety): not graded; Systemic / oral use: F. Based on 9 cited sources, 5 DOI-verified.",CC-BY-4.0,Vallydia Ingredient-Evidence Register (https://vallydia.com) — evidence-grade card rendered from the dataset grades,
bakuchiol,structure,images/structures/bakuchiol.svg,svg,"2D chemical structure of Bakuchiol (C18H24O), molecular weight 256.4 g/mol, 19 heavy atoms.",CC-BY-4.0,Vallydia Ingredient-Evidence Register (https://vallydia.com) — structure rendered with RDKit from a PubChem-resolved SMILES,
bimagrumab,grade_card,images/grade-cards/bimagrumab.svg,svg,"Evidence-grade card for Bimagrumab (BYM338). Overall grade B. Per-outcome — Body recomposition (fat ↓ + lean ↑), obesity/T2D: B; Muscle-sparing + fat loss with GLP-1 (the thesis): B; Sporadic inclusion body myositis (original indication): F; Sarcopenia / post-hip-fracture: C; Metabolic (insulin sensitivity): B; Safety: not graded. Based on 4 cited sources, 2 DOI-verified.",CC-BY-4.0,Vallydia Ingredient-Evidence Register (https://vallydia.com) — evidence-grade card rendered from the dataset grades,
bimagrumab,none,,,,CC-BY-4.0,Vallydia Ingredient-Evidence Register (https://vallydia.com) — structure rendered with RDKit from a PubChem-resolved SMILES,no image — identifier confidence 'none'; no confident structure to render
bpc-157,grade_card,images/grade-cards/bpc-157.svg,svg,"Evidence-grade card for BPC-157. Overall grade B. Per-outcome — GI / gastric mucosal protection (NSAID-, ethanol-, stress-induced ulcers): B; Tendon & ligament healing: B; Muscle & bone injury healing: C; Nerve / spinal-cord / brain injury: C; Ulcerative colitis (the FDA-nominated compounding use): D; Marketed ""healing stack"" / human recovery, performance, anti-aging: F; Human safety & long-term effects: not graded. Based on 6 cited sources, 3 DOI-verified.",CC-BY-4.0,Vallydia Ingredient-Evidence Register (https://vallydia.com) — evidence-grade card rendered from the dataset grades,
bpc-157,sequence_card,images/structures/bpc-157.svg,svg,"Data card for BPC-157: peptide, molecular formula C62H98N16O22, 100 heavy atoms, molecular weight 1419.6 g/mol. Large peptide — 2D structure not shown.",CC-BY-4.0,Vallydia Ingredient-Evidence Register (https://vallydia.com) — structure rendered with RDKit from a PubChem-resolved SMILES,"large molecule (100 heavy atoms > 70) — schematic card, not a 2D depiction"
cagrilintide,grade_card,images/grade-cards/cagrilintide.svg,svg,"Evidence-grade card for Cagrilintide. Overall grade B. Per-outcome — Weight loss — CagriSema (combination): B; Weight loss — cagrilintide monotherapy: B; Amylin / satiety mechanism: not graded; Safety: not graded. Based on 4 cited sources, 0 DOI-verified.",CC-BY-4.0,Vallydia Ingredient-Evidence Register (https://vallydia.com) — evidence-grade card rendered from the dataset grades,
cagrilintide,sequence_card,images/structures/cagrilintide.svg,svg,"Data card for Cagrilintide: peptide, molecular formula C194H312N54O59S2, 309 heavy atoms, molecular weight 4409.1 g/mol. Large peptide — 2D structure not shown.",CC-BY-4.0,Vallydia Ingredient-Evidence Register (https://vallydia.com) — structure rendered with RDKit from a PubChem-resolved SMILES,"large molecule (309 heavy atoms > 70) — schematic card, not a 2D depiction"
ceramides,grade_card,images/grade-cards/ceramides.svg,svg,"Evidence-grade card for Ceramides. Overall grade A. Per-outcome — Barrier repair / TEWL reduction (ceramide-dominant formula): A; Adjunct in atopic dermatitis / eczema-prone dry skin (appearance & comfort): A; Aged / menopausal skin barrier (hydration & smoothness appearance): B; Oral ceramide supplementation (skin hydration): C. Based on 6 cited sources, 3 DOI-verified.",CC-BY-4.0,Vallydia Ingredient-Evidence Register (https://vallydia.com) — evidence-grade card rendered from the dataset grades,
ceramides,none,,,,CC-BY-4.0,Vallydia Ingredient-Evidence Register (https://vallydia.com) — structure rendered with RDKit from a PubChem-resolved SMILES,no image — identifier confidence 'none'; no confident structure to render
cerebrolysin,grade_card,images/grade-cards/cerebrolysin.svg,svg,"Evidence-grade card for Cerebrolysin. Overall grade C. Per-outcome — Vascular dementia: C; Alzheimer's disease (cognition): C; Stroke recovery (cognitive/functional): C; Traumatic brain injury (TBI): C; Nootropic use in healthy adults (the gray-market use): F; Independent replication / overall quality: not graded; Safety: not graded. Based on 5 cited sources, 1 DOI-verified.",CC-BY-4.0,Vallydia Ingredient-Evidence Register (https://vallydia.com) — evidence-grade card rendered from the dataset grades,
cerebrolysin,none,,,,CC-BY-4.0,Vallydia Ingredient-Evidence Register (https://vallydia.com) — structure rendered with RDKit from a PubChem-resolved SMILES,no image — identifier confidence 'none'; no confident structure to render
cjc-1295,grade_card,images/grade-cards/cjc-1295.svg,svg,"Evidence-grade card for CJC-1295. Overall grade B. Per-outcome — Raises GH / IGF-1 in humans: B; Clinical efficacy (lipodystrophy): D; Anti-aging / body composition / muscle: F; Safety & long-term: not graded. Based on 3 cited sources, 0 DOI-verified.",CC-BY-4.0,Vallydia Ingredient-Evidence Register (https://vallydia.com) — evidence-grade card rendered from the dataset grades,
cjc-1295,sequence_card,images/structures/cjc-1295.svg,svg,"Data card for CJC-1295: peptide, molecular formula C165H269N47O46, 258 heavy atoms, molecular weight 3647.2 g/mol. Large peptide — 2D structure not shown.",CC-BY-4.0,Vallydia Ingredient-Evidence Register (https://vallydia.com) — structure rendered with RDKit from a PubChem-resolved SMILES,"large molecule (258 heavy atoms > 70) — schematic card, not a 2D depiction"
cjc-1295-ipamorelin,grade_card,images/grade-cards/cjc-1295-ipamorelin.svg,svg,"Evidence-grade card for CJC-1295 + Ipamorelin (""CJC/Ipa""). Overall grade C. Per-outcome — Synergistic GH release (combination): C; The specific CJC-1295 + Ipamorelin combination for any clinical endpoint: F; Safety (combination): not graded. Based on 0 cited sources, 0 DOI-verified.",CC-BY-4.0,Vallydia Ingredient-Evidence Register (https://vallydia.com) — evidence-grade card rendered from the dataset grades,
cjc-1295-ipamorelin,none,,,,CC-BY-4.0,Vallydia Ingredient-Evidence Register (https://vallydia.com) — structure rendered with RDKit from a PubChem-resolved SMILES,no image — identifier confidence 'none'; no confident structure to render
dasatinib-quercetin,grade_card,images/grade-cards/dasatinib-quercetin.svg,svg,"Evidence-grade card for Dasatinib + Quercetin / Fisetin (Senolytics). Overall grade A. Per-outcome — Senescent-cell clearance in humans (the proof-of-concept): B; Lifespan/healthspan (animal): A; Alzheimer's / cognition (human): F; Osteoporosis / bone (human): D; Frailty / physical function (human): C; Safety (intermittent dosing): B. Based on 5 cited sources, 3 DOI-verified.",CC-BY-4.0,Vallydia Ingredient-Evidence Register (https://vallydia.com) — evidence-grade card rendered from the dataset grades,
dasatinib-quercetin,none,,,,CC-BY-4.0,Vallydia Ingredient-Evidence Register (https://vallydia.com) — structure rendered with RDKit from a PubChem-resolved SMILES,no image — identifier confidence 'none'; no confident structure to render
dihexa,grade_card,images/grade-cards/dihexa.svg,svg,"Evidence-grade card for Dihexa (PNB-0408). Overall grade F. Per-outcome — Synaptogenesis / cognition (the marketed use): F; HGF/c-Met mechanism: F; Clinical translation (via the lineage): F; Human efficacy or safety (Dihexa itself): F; Safety / oncologic risk: not graded. Based on 5 cited sources, 0 DOI-verified.",CC-BY-4.0,Vallydia Ingredient-Evidence Register (https://vallydia.com) — evidence-grade card rendered from the dataset grades,
dihexa,structure,images/structures/dihexa.svg,svg,"2D chemical structure of Dihexa (PNB-0408) (C27H44N4O5), molecular weight 504.7 g/mol, 36 heavy atoms.",CC-BY-4.0,Vallydia Ingredient-Evidence Register (https://vallydia.com) — structure rendered with RDKit from a PubChem-resolved SMILES,
dsip,grade_card,images/grade-cards/dsip.svg,svg,"Evidence-grade card for DSIP (Delta Sleep-Inducing Peptide / Emideltide). Overall grade C. Per-outcome — Delta / slow-wave EEG (animal): C; Chronic insomnia (human): C; Opioid / alcohol withdrawal, stress, pain: D; Mechanism / receptor: not graded; Safety: not graded. Based on 4 cited sources, 0 DOI-verified.",CC-BY-4.0,Vallydia Ingredient-Evidence Register (https://vallydia.com) — evidence-grade card rendered from the dataset grades,
dsip,structure,images/structures/dsip.svg,svg,"2D chemical structure of DSIP (Delta Sleep-Inducing Peptide / Emideltide) (C35H48N10O15), molecular weight 848.8 g/mol, 60 heavy atoms.",CC-BY-4.0,Vallydia Ingredient-Evidence Register (https://vallydia.com) — structure rendered with RDKit from a PubChem-resolved SMILES,
ectoin,grade_card,images/grade-cards/ectoin.svg,svg,"Evidence-grade card for Ectoin. Overall grade B. Per-outcome — Topical: barrier function / TEWL reduction: B; Skin hydration: B; Redness and appearance of sensitive/reactive skin: B; Atopic dermatitis (medical use, not cosmetic): B; Protection against UV and pollution-induced skin stress: B; Anti-wrinkle / collagen-building claims: D; Safety (topical): not graded. Based on 5 cited sources, 4 DOI-verified.",CC-BY-4.0,Vallydia Ingredient-Evidence Register (https://vallydia.com) — evidence-grade card rendered from the dataset grades,
ectoin,structure,images/structures/ectoin.svg,svg,"2D chemical structure of Ectoin (C6H10N2O2), molecular weight 142.2 g/mol, 10 heavy atoms.",CC-BY-4.0,Vallydia Ingredient-Evidence Register (https://vallydia.com) — structure rendered with RDKit from a PubChem-resolved SMILES,
eloralintide,grade_card,images/grade-cards/eloralintide.svg,svg,"Evidence-grade card for Eloralintide. Overall grade A. Per-outcome — Weight loss / obesity: B; Tolerability: A; Cardiometabolic risk factors: B; Combination with tirzepatide: not graded; Safety: B. Based on 4 cited sources, 0 DOI-verified.",CC-BY-4.0,Vallydia Ingredient-Evidence Register (https://vallydia.com) — evidence-grade card rendered from the dataset grades,
eloralintide,sequence_card,images/structures/eloralintide.svg,svg,"Data card for Eloralintide: peptide, molecular formula C201H319N49O65S2, 317 heavy atoms, molecular weight 4526.2 g/mol. Large peptide — 2D structure not shown.",CC-BY-4.0,Vallydia Ingredient-Evidence Register (https://vallydia.com) — structure rendered with RDKit from a PubChem-resolved SMILES,"large molecule (317 heavy atoms > 70) — schematic card, not a 2D depiction"
epitalon,grade_card,images/grade-cards/epitalon.svg,svg,"Evidence-grade card for Epitalon (Epithalon). Overall grade C. Per-outcome — Telomerase upregulation / telomere elongation (in vitro): C; Lifespan extension (animal): C; Human longevity / mortality / age-markers: D; Circadian rhythm / sleep / melatonin: D; Marketed ""reverses aging / turns back the cellular clock"": F; Safety & long-term: not graded. Based on 4 cited sources, 2 DOI-verified.",CC-BY-4.0,Vallydia Ingredient-Evidence Register (https://vallydia.com) — evidence-grade card rendered from the dataset grades,
epitalon,structure,images/structures/epitalon.svg,svg,"2D chemical structure of Epitalon (Epithalon) (C14H22N4O9), molecular weight 390.3 g/mol, 27 heavy atoms.",CC-BY-4.0,Vallydia Ingredient-Evidence Register (https://vallydia.com) — structure rendered with RDKit from a PubChem-resolved SMILES,
exosomes,grade_card,images/grade-cards/exosomes.svg,svg,"Evidence-grade card for Exosomes. Overall grade C. Per-outcome — Topical antioxidant / soothing / barrier support (plant-derived cosmetic exosomes): C; Short-term skin-appearance benefits (exosomes broadly — hydration, elasticity, fine lines, pores, pigmentation): C; ""Regenerative"" skin transformation from a topical (especially plant) exosome: D; Established anti-ageing category (the field as a whole): D; Injected / clinical (MSC) exosome therapy — for context, NOT cosmetic scope: not graded. Based on 4 cited sources, 0 DOI-verified.",CC-BY-4.0,Vallydia Ingredient-Evidence Register (https://vallydia.com) — evidence-grade card rendered from the dataset grades,
exosomes,none,,,,CC-BY-4.0,Vallydia Ingredient-Evidence Register (https://vallydia.com) — structure rendered with RDKit from a PubChem-resolved SMILES,no image — identifier confidence 'none'; no confident structure to render
follistatin,grade_card,images/grade-cards/follistatin.svg,svg,"Evidence-grade card for Follistatin (FST-344). Overall grade D. Per-outcome — Muscle hypertrophy via myostatin inhibition (the biology): not graded; Injected follistatin protein → muscle in healthy humans (the marketed use): F; Gene therapy for muscular dystrophy / IBM: D; Broader myostatin-inhibitor drug class: not graded; Safety: not graded. Based on 4 cited sources, 1 DOI-verified.",CC-BY-4.0,Vallydia Ingredient-Evidence Register (https://vallydia.com) — evidence-grade card rendered from the dataset grades,
follistatin,none,,,,CC-BY-4.0,Vallydia Ingredient-Evidence Register (https://vallydia.com) — structure rendered with RDKit from a PubChem-resolved SMILES,no image — identifier confidence 'none'; no confident structure to render
fosgonimeton,grade_card,images/grade-cards/fosgonimeton.svg,svg,"Evidence-grade card for Fosgonimeton (ATH-1017). Overall grade B. Per-outcome — Alzheimer's disease (the lead use): F; Parkinson's / Lewy-body dementia: F; Subgroup ""signals"" (APOE4, monotherapy, advanced disease): D; HGF/MET mechanism (as biology): C; Safety: B. Based on 4 cited sources, 0 DOI-verified.",CC-BY-4.0,Vallydia Ingredient-Evidence Register (https://vallydia.com) — evidence-grade card rendered from the dataset grades,
fosgonimeton,structure,images/structures/fosgonimeton.svg,svg,"2D chemical structure of Fosgonimeton (ATH-1017) (C27H45N4O8P), molecular weight 584.7 g/mol, 40 heavy atoms.",CC-BY-4.0,Vallydia Ingredient-Evidence Register (https://vallydia.com) — structure rendered with RDKit from a PubChem-resolved SMILES,
foxo4-dri,grade_card,images/grade-cards/foxo4-dri.svg,svg,"Evidence-grade card for FOXO4-DRI. Overall grade B. Per-outcome — Senescent-cell clearance (senolysis): D; Healthspan / tissue-function restoration (aged mice): F; Wound/keloid, testosterone (senescent Leydig cells), chemo-recovery: F; Human efficacy or safety: F; Mechanism / target engagement: B; Safety: not graded. Based on 4 cited sources, 0 DOI-verified.",CC-BY-4.0,Vallydia Ingredient-Evidence Register (https://vallydia.com) — evidence-grade card rendered from the dataset grades,
foxo4-dri,none,,,,CC-BY-4.0,Vallydia Ingredient-Evidence Register (https://vallydia.com) — structure rendered with RDKit from a PubChem-resolved SMILES,no image — identifier confidence 'none'; no confident structure to render
ghk-cu,grade_card,images/grade-cards/ghk-cu.svg,svg,"Evidence-grade card for GHK-Cu (Copper Tripeptide-1). Overall grade B. Per-outcome — Topical: appearance of photoaged skin (fine lines, firmness, density): B; Collagen/elastin synthesis & balanced MMP/TIMP remodeling: B; Skin penetration of intact-skin serums: not graded; Post-procedure wound healing (e.g., after laser resurfacing): C; Hair growth / density: D; Systemic / injectable ""anti-aging / resets gene expression"": F; Safety (topical): not graded. Based on 8 cited sources, 2 DOI-verified.",CC-BY-4.0,Vallydia Ingredient-Evidence Register (https://vallydia.com) — evidence-grade card rendered from the dataset grades,
ghk-cu,structure,images/structures/ghk-cu.svg,svg,"2D chemical structure of the entity resolved for GHK-Cu (Copper Tripeptide-1) (C14H24N6O4), molecular weight 340.4 g/mol, 24 heavy atoms. Note: PubChem record is the free peptide ligand — the coordinated metal ion is NOT part of this structure; the register compound is the metal complex.",CC-BY-4.0,Vallydia Ingredient-Evidence Register (https://vallydia.com) — structure rendered with RDKit from a PubChem-resolved SMILES,PubChem record is the free peptide ligand — the coordinated metal ion is NOT part of this structure; the register compound is the metal complex
ghrp-2,grade_card,images/grade-cards/ghrp-2.svg,svg,"Evidence-grade card for GHRP-2 (Pralmorelin). Overall grade B. Per-outcome — GH release (diagnostic): B; GH-deficiency diagnostic testing (approved, Japan): B; Anti-aging / body composition (the popular use): F; Safety: not graded. Based on 2 cited sources, 0 DOI-verified.",CC-BY-4.0,Vallydia Ingredient-Evidence Register (https://vallydia.com) — evidence-grade card rendered from the dataset grades,
ghrp-2,structure,images/structures/ghrp-2.svg,svg,"2D chemical structure of GHRP-2 (Pralmorelin) (C45H55N9O6), molecular weight 818.0 g/mol, 60 heavy atoms.",CC-BY-4.0,Vallydia Ingredient-Evidence Register (https://vallydia.com) — structure rendered with RDKit from a PubChem-resolved SMILES,
ghrp-6,grade_card,images/grade-cards/ghrp-6.svg,svg,"Evidence-grade card for GHRP-6. Overall grade B. Per-outcome — GH release: B; Appetite stimulation (cachexia / wasting research): C; Anti-aging / body composition / muscle (the popular use): F; Safety: not graded. Based on 3 cited sources, 1 DOI-verified.",CC-BY-4.0,Vallydia Ingredient-Evidence Register (https://vallydia.com) — evidence-grade card rendered from the dataset grades,
ghrp-6,structure,images/structures/ghrp-6.svg,svg,"2D chemical structure of GHRP-6 (C46H56N12O6), molecular weight 873.0 g/mol, 64 heavy atoms.",CC-BY-4.0,Vallydia Ingredient-Evidence Register (https://vallydia.com) — structure rendered with RDKit from a PubChem-resolved SMILES,
glutathione,grade_card,images/grade-cards/glutathione.svg,svg,"Evidence-grade card for Glutathione (GSH). Overall grade A. Per-outcome — Endogenous antioxidant / detox role: A; Oral glutathione — skin lightening: C; Topical glutathione — pigmentation: C; IV glutathione — skin lightening (the most popular use): F; Anti-aging / wrinkles / elasticity: D; Safety — oral/topical: B; Safety — IV (the decisive warning): not graded. Based on 4 cited sources, 2 DOI-verified.",CC-BY-4.0,Vallydia Ingredient-Evidence Register (https://vallydia.com) — evidence-grade card rendered from the dataset grades,
glutathione,structure,images/structures/glutathione.svg,svg,"2D chemical structure of Glutathione (GSH) (C10H17N3O6S), molecular weight 307.3 g/mol, 20 heavy atoms.",CC-BY-4.0,Vallydia Ingredient-Evidence Register (https://vallydia.com) — structure rendered with RDKit from a PubChem-resolved SMILES,
hexarelin,grade_card,images/grade-cards/hexarelin.svg,svg,"Evidence-grade card for Hexarelin (Examorelin). Overall grade B. Per-outcome — GH release: B; Cardioprotection (CD36, GH-independent): C; Metabolic / ""fat-burning"" (CD36 / adipocyte): C; Anti-aging / body composition (the popular use): F; Safety: not graded. Based on 3 cited sources, 1 DOI-verified.",CC-BY-4.0,Vallydia Ingredient-Evidence Register (https://vallydia.com) — evidence-grade card rendered from the dataset grades,
hexarelin,structure,images/structures/hexarelin.svg,svg,"2D chemical structure of Hexarelin (Examorelin) (C47H58N12O6), molecular weight 887.1 g/mol, 65 heavy atoms.",CC-BY-4.0,Vallydia Ingredient-Evidence Register (https://vallydia.com) — structure rendered with RDKit from a PubChem-resolved SMILES,
humanin,grade_card,images/grade-cards/humanin.svg,svg,"Evidence-grade card for Humanin (HN / HNG / S14G-Humanin). Overall grade C. Per-outcome — Longevity biomarker (levels correlate with lifespan/health): C; Neuroprotection / Alzheimer's (the discovery context): F; Insulin sensitivity / metabolic: F; Cardioprotection (ischemia, age-related fibrosis): F; ""Anti-aging / healthspan"" (the popular use): F; Safety (exogenous administration in humans): not graded. Based on 5 cited sources, 1 DOI-verified.",CC-BY-4.0,Vallydia Ingredient-Evidence Register (https://vallydia.com) — evidence-grade card rendered from the dataset grades,
humanin,sequence_card,images/structures/humanin.svg,svg,"Data card for Humanin (HN / HNG / S14G-Humanin): peptide, molecular formula C119H204N34O32S2, 187 heavy atoms, molecular weight 2687.3 g/mol. Large peptide — 2D structure not shown.",CC-BY-4.0,Vallydia Ingredient-Evidence Register (https://vallydia.com) — structure rendered with RDKit from a PubChem-resolved SMILES,"large molecule (187 heavy atoms > 70) — schematic card, not a 2D depiction"
hyaluronic-acid,grade_card,images/grade-cards/hyaluronic-acid.svg,svg,"Evidence-grade card for Hyaluronic Acid (Sodium Hyaluronate). Overall grade A. Per-outcome — Topical: skin hydration (all molecular weights): A; Fine lines and wrinkle appearance (LMW-HA 50–130 kDa): B; Skin elasticity and appearance of firmness: B; Barrier function / TEWL reduction: B; Oral supplementation for skin hydration and wrinkles: B; Injectable dermal fillers (crosslinked HA, e.g. Restylane, Juvederm, Profhilo): A; Safety (topical): not graded. Based on 6 cited sources, 3 DOI-verified.",CC-BY-4.0,Vallydia Ingredient-Evidence Register (https://vallydia.com) — evidence-grade card rendered from the dataset grades,
hyaluronic-acid,none,,,,CC-BY-4.0,Vallydia Ingredient-Evidence Register (https://vallydia.com) — structure rendered with RDKit from a PubChem-resolved SMILES,no image — identifier confidence 'none'; no confident structure to render
igf-1-lr3,grade_card,images/grade-cards/igf-1-lr3.svg,svg,"Evidence-grade card for IGF-1 LR3 (Long R3 IGF-1). Overall grade D. Per-outcome — Muscle hypertrophy + hyperplasia via IGF-1R (the biology): not graded; IGF-1 LR3 for muscle building in humans (the marketed use): F; Hyperplasia in humans specifically: D; Native IGF-1 (mecasermin) — pediatric IGF-1 deficiency: not graded; Safety: not graded. Based on 4 cited sources, 0 DOI-verified.",CC-BY-4.0,Vallydia Ingredient-Evidence Register (https://vallydia.com) — evidence-grade card rendered from the dataset grades,
igf-1-lr3,none,,,,CC-BY-4.0,Vallydia Ingredient-Evidence Register (https://vallydia.com) — structure rendered with RDKit from a PubChem-resolved SMILES,no image — identifier confidence 'none'; no confident structure to render
ipamorelin,grade_card,images/grade-cards/ipamorelin.svg,svg,"Evidence-grade card for Ipamorelin. Overall grade B. Per-outcome — Selective GH release (no cortisol/prolactin) in humans: B; Clinical efficacy (postoperative ileus — the only tested indication): D; Anti-aging / fat loss / muscle (the popular use): F; Safety: not graded. Based on 3 cited sources, 2 DOI-verified.",CC-BY-4.0,Vallydia Ingredient-Evidence Register (https://vallydia.com) — evidence-grade card rendered from the dataset grades,
ipamorelin,structure,images/structures/ipamorelin.svg,svg,"2D chemical structure of Ipamorelin (C38H49N9O5), molecular weight 711.9 g/mol, 52 heavy atoms.",CC-BY-4.0,Vallydia Ingredient-Evidence Register (https://vallydia.com) — structure rendered with RDKit from a PubChem-resolved SMILES,
kisspeptin-10,grade_card,images/grade-cards/kisspeptin-10.svg,svg,"Evidence-grade card for Kisspeptin-10 (KP-10). Overall grade B. Per-outcome — Stimulating the reproductive axis (LH/FSH release): B; IVF / egg-maturation triggering: B; Hypoactive sexual desire disorder (HSDD) — arousal/attraction: C; Idiopathic hypogonadotropic hypogonadism / hypothalamic amenorrhea: C; ""PCT / natural-testosterone restart"" (the bodybuilding use): F; Safety: not graded. Based on 5 cited sources, 0 DOI-verified.",CC-BY-4.0,Vallydia Ingredient-Evidence Register (https://vallydia.com) — evidence-grade card rendered from the dataset grades,
kisspeptin-10,sequence_card,images/structures/kisspeptin-10.svg,svg,"Data card for Kisspeptin-10 (KP-10): peptide, molecular formula C63H83N17O14, 94 heavy atoms, molecular weight 1302.5 g/mol. Large peptide — 2D structure not shown.",CC-BY-4.0,Vallydia Ingredient-Evidence Register (https://vallydia.com) — structure rendered with RDKit from a PubChem-resolved SMILES,"large molecule (94 heavy atoms > 70) — schematic card, not a 2D depiction"
kojic-acid,grade_card,images/grade-cards/kojic-acid.svg,svg,"Evidence-grade card for Kojic Acid. Overall grade C. Per-outcome — Hyperpigmentation / melasma (appearance, usually in combination): C; PIH (appearance, in combination serums): C; Tyrosinase inhibition (mechanism / in-vitro potency): B; Standalone / EU-compliant-strength efficacy: C; Tolerability & stability: not graded. Based on 4 cited sources, 3 DOI-verified.",CC-BY-4.0,Vallydia Ingredient-Evidence Register (https://vallydia.com) — evidence-grade card rendered from the dataset grades,
kojic-acid,structure,images/structures/kojic-acid.svg,svg,"2D chemical structure of Kojic Acid (C6H6O4), molecular weight 142.1 g/mol, 10 heavy atoms.",CC-BY-4.0,Vallydia Ingredient-Evidence Register (https://vallydia.com) — structure rendered with RDKit from a PubChem-resolved SMILES,
kpv,grade_card,images/grade-cards/kpv.svg,svg,"Evidence-grade card for KPV. Overall grade C. Per-outcome — Anti-inflammatory / colitis / IBD (preclinical): C; PepT1 / NF-κB mechanism: not graded; Human use (IBD, dermatitis, gut healing — the marketed use): F; Antimicrobial (S. aureus, C. albicans): D; Safety: not graded. Based on 4 cited sources, 0 DOI-verified.",CC-BY-4.0,Vallydia Ingredient-Evidence Register (https://vallydia.com) — evidence-grade card rendered from the dataset grades,
kpv,structure,images/structures/kpv.svg,svg,"2D chemical structure of KPV (C11H12O3), molecular weight 192.2 g/mol, 14 heavy atoms.",CC-BY-4.0,Vallydia Ingredient-Evidence Register (https://vallydia.com) — structure rendered with RDKit from a PubChem-resolved SMILES,
larazotide,grade_card,images/grade-cards/larazotide.svg,svg,"Evidence-grade card for Larazotide (AT-1001, Larazotide Acetate). Overall grade B. Per-outcome — Celiac disease (the lead, best-studied use): D; Tight-junction / permeability mechanism: C; ""Leaky gut"" / general gut health (the gray-market pitch): F; Adjacent indications (MIS-C, intestinal ischemia): F; Safety: B. Based on 4 cited sources, 2 DOI-verified.",CC-BY-4.0,Vallydia Ingredient-Evidence Register (https://vallydia.com) — evidence-grade card rendered from the dataset grades,
larazotide,structure,images/structures/larazotide.svg,svg,"2D chemical structure of Larazotide (AT-1001, Larazotide Acetate) (C32H55N9O10), molecular weight 725.8 g/mol, 51 heavy atoms.",CC-BY-4.0,Vallydia Ingredient-Evidence Register (https://vallydia.com) — structure rendered with RDKit from a PubChem-resolved SMILES,
liraglutide,grade_card,images/grade-cards/liraglutide.svg,svg,"Evidence-grade card for Liraglutide. Overall grade A. Per-outcome — Type-2 diabetes glycemic control: A; Chronic weight management (obesity): A; Cardiovascular risk reduction (T2D + CVD): A; Pediatric obesity (adolescents 12+): A; Safety: not graded. Based on 5 cited sources, 0 DOI-verified.",CC-BY-4.0,Vallydia Ingredient-Evidence Register (https://vallydia.com) — evidence-grade card rendered from the dataset grades,
liraglutide,sequence_card,images/structures/liraglutide.svg,svg,"Data card for Liraglutide: peptide, molecular formula C172H265N43O51, 266 heavy atoms, molecular weight 3751.3 g/mol. Large peptide — 2D structure not shown.",CC-BY-4.0,Vallydia Ingredient-Evidence Register (https://vallydia.com) — structure rendered with RDKit from a PubChem-resolved SMILES,"large molecule (266 heavy atoms > 70) — schematic card, not a 2D depiction"
ll-37,grade_card,images/grade-cards/ll-37.svg,svg,"Evidence-grade card for LL-37 (Cathelicidin). Overall grade A. Per-outcome — Endogenous antimicrobial defense: A; Exogenous wound healing / antimicrobial therapy (the marketed use): D; Role in rosacea (as a cause): A; Role in psoriasis / lupus (as a cause): A; Safety of exogenous administration: not graded. Based on 4 cited sources, 1 DOI-verified.",CC-BY-4.0,Vallydia Ingredient-Evidence Register (https://vallydia.com) — evidence-grade card rendered from the dataset grades,
ll-37,sequence_card,images/structures/ll-37.svg,svg,"Data card for LL-37 (Cathelicidin): peptide, molecular formula C205H340N60O53, 318 heavy atoms, molecular weight 4493.3 g/mol. Large peptide — 2D structure not shown.",CC-BY-4.0,Vallydia Ingredient-Evidence Register (https://vallydia.com) — structure rendered with RDKit from a PubChem-resolved SMILES,"large molecule (318 heavy atoms > 70) — schematic card, not a 2D depiction"
matrixyl,grade_card,images/grade-cards/matrixyl.svg,svg,"Evidence-grade card for Matrixyl (Palmitoyl Pentapeptide-4). Overall grade B. Per-outcome — Topical: appearance of photoaged skin (fine lines, wrinkle depth, roughness): B; ECM synthesis in vitro (collagen I/III, fibronectin, HA; MMP-1↓, TIMP-1↑): B; Comparable to retinol: C; Skin penetration at cosmetic doses: not graded; Safety (topical): not graded. Based on 5 cited sources, 2 DOI-verified.",CC-BY-4.0,Vallydia Ingredient-Evidence Register (https://vallydia.com) — evidence-grade card rendered from the dataset grades,
matrixyl,structure,images/structures/matrixyl.svg,svg,"2D chemical structure of Matrixyl (Palmitoyl Pentapeptide-4) (C39H75N7O10), molecular weight 802.1 g/mol, 56 heavy atoms.",CC-BY-4.0,Vallydia Ingredient-Evidence Register (https://vallydia.com) — structure rendered with RDKit from a PubChem-resolved SMILES,
mazdutide,grade_card,images/grade-cards/mazdutide.svg,svg,"Evidence-grade card for Mazdutide (IBI362 / LY3305677). Overall grade A. Per-outcome — Weight loss (obesity, no diabetes): A; Glycemic control (T2D): A; Visceral / hepatic fat: B; Cardiometabolic risk factors (BP, lipids, waist): B; Safety / tolerability: not graded. Based on 5 cited sources, 0 DOI-verified.",CC-BY-4.0,Vallydia Ingredient-Evidence Register (https://vallydia.com) — evidence-grade card rendered from the dataset grades,
mazdutide,sequence_card,images/structures/mazdutide.svg,svg,"Data card for Mazdutide (IBI362 / LY3305677): peptide, molecular formula C207H317N45O65, 317 heavy atoms, molecular weight 4476.1 g/mol. Large peptide — 2D structure not shown.",CC-BY-4.0,Vallydia Ingredient-Evidence Register (https://vallydia.com) — structure rendered with RDKit from a PubChem-resolved SMILES,"large molecule (317 heavy atoms > 70) — schematic card, not a 2D depiction"
melanotan-ii,grade_card,images/grade-cards/melanotan-ii.svg,svg,"Evidence-grade card for Melanotan II. Overall grade C. Per-outcome — Skin tanning (the marketed use): C; Erectile / arousal effect: C; ""Safe sunless tanning"" claim: F; Safety / serious adverse events: not graded. Based on 4 cited sources, 1 DOI-verified.",CC-BY-4.0,Vallydia Ingredient-Evidence Register (https://vallydia.com) — evidence-grade card rendered from the dataset grades,
melanotan-ii,sequence_card,images/structures/melanotan-ii.svg,svg,"Data card for Melanotan II: peptide, molecular formula C50H69N15O9, 74 heavy atoms, molecular weight 1024.2 g/mol. Large peptide — 2D structure not shown.",CC-BY-4.0,Vallydia Ingredient-Evidence Register (https://vallydia.com) — structure rendered with RDKit from a PubChem-resolved SMILES,"large molecule (74 heavy atoms > 70) — schematic card, not a 2D depiction"
mgf,grade_card,images/grade-cards/mgf.svg,svg,"Evidence-grade card for MGF / PEG-MGF (Mechano Growth Factor, IGF-1Ec). Overall grade D. Per-outcome — Satellite-cell (muscle stem-cell) activation / proliferation: D; Muscle repair / hypertrophy (the marketed use): F; Aged-muscle / regeneration: F; PEG-MGF as a practical agent: not graded; Safety: not graded. Based on 5 cited sources, 0 DOI-verified.",CC-BY-4.0,Vallydia Ingredient-Evidence Register (https://vallydia.com) — evidence-grade card rendered from the dataset grades,
mgf,structure,images/structures/mgf.svg,svg,"2D chemical structure of MGF / PEG-MGF (Mechano Growth Factor, IGF-1Ec) (F3Mg-), molecular weight 81.3 g/mol, 4 heavy atoms.",CC-BY-4.0,Vallydia Ingredient-Evidence Register (https://vallydia.com) — structure rendered with RDKit from a PubChem-resolved SMILES,
mk-677,grade_card,images/grade-cards/mk-677.svg,svg,"Evidence-grade card for MK-677 (Ibutamoren). Overall grade B. Per-outcome — GH / IGF-1 elevation: B; Slow-wave (deep) sleep: B; Fat-free (lean) mass: C; Anti-aging / physique / strength (the popular use): F; Failed / halted indications: not graded; Safety: not graded. Based on 5 cited sources, 0 DOI-verified.",CC-BY-4.0,Vallydia Ingredient-Evidence Register (https://vallydia.com) — evidence-grade card rendered from the dataset grades,
mk-677,structure,images/structures/mk-677.svg,svg,"2D chemical structure of MK-677 (Ibutamoren) (C28H40N4O8S2), molecular weight 624.8 g/mol, 42 heavy atoms.",CC-BY-4.0,Vallydia Ingredient-Evidence Register (https://vallydia.com) — structure rendered with RDKit from a PubChem-resolved SMILES,
mots-c,grade_card,images/grade-cards/mots-c.svg,svg,"Evidence-grade card for MOTS-c. Overall grade C. Per-outcome — Insulin sensitivity / glucose metabolism / metabolic homeostasis: C; Exercise-mimetic / physical capacity: D; Aging / healthspan: D; Marketed ""anti-aging / metabolic fix"" in humans: F; Safety & long-term: not graded. Based on 4 cited sources, 1 DOI-verified.",CC-BY-4.0,Vallydia Ingredient-Evidence Register (https://vallydia.com) — evidence-grade card rendered from the dataset grades,
mots-c,sequence_card,images/structures/mots-c.svg,svg,"Data card for MOTS-c: peptide, molecular formula C101H152N28O22S2, 153 heavy atoms, molecular weight 2174.6 g/mol. Large peptide — 2D structure not shown.",CC-BY-4.0,Vallydia Ingredient-Evidence Register (https://vallydia.com) — structure rendered with RDKit from a PubChem-resolved SMILES,"large molecule (153 heavy atoms > 70) — schematic card, not a 2D depiction"
nad-plus,grade_card,images/grade-cards/nad-plus.svg,svg,"Evidence-grade card for NAD+ (and its precursors NMN / NR). Overall grade A. Per-outcome — Raising NAD⁺ levels (the biomarker): A; Physical function / muscle / strength (healthy older adults): F; Metabolic health (general): D; Specific clinical populations (prediabetes ♀, early Parkinson's, PAD): C; Longevity / lifespan (humans): F; Safety: B. Based on 5 cited sources, 0 DOI-verified.",CC-BY-4.0,Vallydia Ingredient-Evidence Register (https://vallydia.com) — evidence-grade card rendered from the dataset grades,
nad-plus,structure,images/structures/nad-plus.svg,svg,"2D chemical structure of NAD+ (and its precursors NMN / NR) (C21H27N7O14P2), molecular weight 663.4 g/mol, 44 heavy atoms.",CC-BY-4.0,Vallydia Ingredient-Evidence Register (https://vallydia.com) — structure rendered with RDKit from a PubChem-resolved SMILES,
naringenin,grade_card,images/grade-cards/naringenin.svg,svg,"Evidence-grade card for Naringenin. Overall grade B. Per-outcome — Topical: anti-oxidative barrier protection: B; Topical: MMP-1 suppression / anti-photoaging (mechanism): B; Anti-inflammatory (skin senescence / inflammaging mechanism): B; Visible anti-aging / inflammaging (finished product): C; Pigmentation / melanogenesis (in-vitro): C; Safety (topical): not graded. Based on 6 cited sources, 3 DOI-verified.",CC-BY-4.0,Vallydia Ingredient-Evidence Register (https://vallydia.com) — evidence-grade card rendered from the dataset grades,
naringenin,structure,images/structures/naringenin.svg,svg,"2D chemical structure of Naringenin (C15H12O5), molecular weight 272.3 g/mol, 20 heavy atoms.",CC-BY-4.0,Vallydia Ingredient-Evidence Register (https://vallydia.com) — structure rendered with RDKit from a PubChem-resolved SMILES,
niacinamide,grade_card,images/grade-cards/niacinamide.svg,svg,"Evidence-grade card for Niacinamide (Vitamin B3). Overall grade A. Per-outcome — Topical: hyperpigmentation (melasma, PIH, age spots) at 2–5%: A; Barrier function / TEWL (2–5%): A; Fine lines and appearance of photoaging (5–6%): B; Sebum/oiliness reduction (2–4%): B; Acne vulgaris (topical 4%): B; Systemic / oral high-dose ""anti-aging"" claims: D; Safety (topical): not graded. Based on 6 cited sources, 4 DOI-verified.",CC-BY-4.0,Vallydia Ingredient-Evidence Register (https://vallydia.com) — evidence-grade card rendered from the dataset grades,
niacinamide,structure,images/structures/niacinamide.svg,svg,"2D chemical structure of Niacinamide (Vitamin B3) (C6H6N2O), molecular weight 122.1 g/mol, 9 heavy atoms.",CC-BY-4.0,Vallydia Ingredient-Evidence Register (https://vallydia.com) — structure rendered with RDKit from a PubChem-resolved SMILES,
noopept,grade_card,images/grade-cards/noopept.svg,svg,"Evidence-grade card for Noopept (Omberacetam). Overall grade B. Per-outcome — Cognitive impairment / MCI (vascular, traumatic — approved Russian use): C; BDNF/NGF & neuroprotection mechanism: B; Cognitive enhancement in healthy adults (the popular use): D; Anti-amyloid / Alzheimer's: D; Anxiolytic: D; Safety: not graded. Based on 4 cited sources, 1 DOI-verified.",CC-BY-4.0,Vallydia Ingredient-Evidence Register (https://vallydia.com) — evidence-grade card rendered from the dataset grades,
noopept,structure,images/structures/noopept.svg,svg,"2D chemical structure of Noopept (Omberacetam) (C17H22N2O4), molecular weight 318.4 g/mol, 23 heavy atoms.",CC-BY-4.0,Vallydia Ingredient-Evidence Register (https://vallydia.com) — structure rendered with RDKit from a PubChem-resolved SMILES,
orforglipron,grade_card,images/grade-cards/orforglipron.svg,svg,"Evidence-grade card for Orforglipron. Overall grade B. Per-outcome — Weight loss (obesity): B; Type-2 diabetes glycemic control: B; Weight maintenance after injectables: B; Manufacturing / access advantage: not graded; Safety: not graded. Based on 3 cited sources, 0 DOI-verified.",CC-BY-4.0,Vallydia Ingredient-Evidence Register (https://vallydia.com) — evidence-grade card rendered from the dataset grades,
orforglipron,structure,images/structures/orforglipron.svg,svg,"2D chemical structure of Orforglipron (C48H48F2N10O5), molecular weight 883.0 g/mol, 65 heavy atoms.",CC-BY-4.0,Vallydia Ingredient-Evidence Register (https://vallydia.com) — structure rendered with RDKit from a PubChem-resolved SMILES,
oxytocin,grade_card,images/grade-cards/oxytocin.svg,svg,"Evidence-grade card for Oxytocin. Overall grade A. Per-outcome — Labor induction / uterotonic / postpartum hemorrhage (the approved use): A; Lactation / milk let-down: B; Social bonding / trust / empathy (healthy people — the ""love hormone"" claims): D; Autism spectrum disorder (social deficits): D; PTSD / anxiety / addiction / social anxiety: F; Safety: not graded. Based on 4 cited sources, 0 DOI-verified.",CC-BY-4.0,Vallydia Ingredient-Evidence Register (https://vallydia.com) — evidence-grade card rendered from the dataset grades,
oxytocin,structure,images/structures/oxytocin.svg,svg,"2D chemical structure of Oxytocin (C43H66N12O12S2), molecular weight 1007.2 g/mol, 69 heavy atoms.",CC-BY-4.0,Vallydia Ingredient-Evidence Register (https://vallydia.com) — structure rendered with RDKit from a PubChem-resolved SMILES,
palmitoyl-tripeptide-1-5,grade_card,images/grade-cards/palmitoyl-tripeptide-1-5.svg,svg,"Evidence-grade card for Palmitoyl Tripeptide-1 & Palmitoyl Tripeptide-5. Overall grade C. Per-outcome — Topical: appearance of fine lines / firmness — Palmitoyl Tripeptide-1: C; Topical: appearance — Palmitoyl Tripeptide-5 (SYN-COLL): C; Collagen / ECM stimulation (both): C; Safety (both, topical): not graded. Based on 4 cited sources, 0 DOI-verified.",CC-BY-4.0,Vallydia Ingredient-Evidence Register (https://vallydia.com) — evidence-grade card rendered from the dataset grades,
palmitoyl-tripeptide-1-5,none,,,,CC-BY-4.0,Vallydia Ingredient-Evidence Register (https://vallydia.com) — structure rendered with RDKit from a PubChem-resolved SMILES,no image — identifier confidence 'none'; no confident structure to render
pdrn,grade_card,images/grade-cards/pdrn.svg,svg,"Evidence-grade card for PDRN (Polydeoxyribonucleotide). Overall grade C. Per-outcome — Topical cosmetic serum — soothing, hydration, barrier comfort: C; Topical ""regeneration / rejuvenation"" (as marketed for salmon-DNA serums): D; Injected PDRN (clinical / aesthetic, in-office) — for context, NOT cosmetic scope: not graded. Based on 3 cited sources, 0 DOI-verified.",CC-BY-4.0,Vallydia Ingredient-Evidence Register (https://vallydia.com) — evidence-grade card rendered from the dataset grades,
pdrn,none,,,,CC-BY-4.0,Vallydia Ingredient-Evidence Register (https://vallydia.com) — structure rendered with RDKit from a PubChem-resolved SMILES,no image — identifier confidence 'none'; no confident structure to render
pemvidutide,grade_card,images/grade-cards/pemvidutide.svg,svg,"Evidence-grade card for Pemvidutide. Overall grade B. Per-outcome — MASH (the lead indication): C; Weight loss / obesity: B; Lean-mass preservation (the standout): B; Cardiometabolic (lipids, BP, liver fat): B; AUD / alcohol liver disease: not graded; Safety: B. Based on 4 cited sources, 0 DOI-verified.",CC-BY-4.0,Vallydia Ingredient-Evidence Register (https://vallydia.com) — evidence-grade card rendered from the dataset grades,
pemvidutide,none,,,,CC-BY-4.0,Vallydia Ingredient-Evidence Register (https://vallydia.com) — structure rendered with RDKit from a PubChem-resolved SMILES,no image — identifier confidence 'none'; no confident structure to render
petrelintide,grade_card,images/grade-cards/petrelintide.svg,svg,"Evidence-grade card for Petrelintide. Overall grade A. Per-outcome — Weight loss / obesity: B; Tolerability (the differentiator): A; Combination therapy (with CT-388): not graded; Type 2 diabetes (ZUPREME-2): not graded; Lean-mass preservation: C; Safety: B. Based on 4 cited sources, 0 DOI-verified.",CC-BY-4.0,Vallydia Ingredient-Evidence Register (https://vallydia.com) — evidence-grade card rendered from the dataset grades,
petrelintide,sequence_card,images/structures/petrelintide.svg,svg,"Data card for Petrelintide: peptide, molecular formula C185H305N49O61, 295 heavy atoms, molecular weight 4191.8 g/mol. Large peptide — 2D structure not shown.",CC-BY-4.0,Vallydia Ingredient-Evidence Register (https://vallydia.com) — structure rendered with RDKit from a PubChem-resolved SMILES,"large molecule (295 heavy atoms > 70) — schematic card, not a 2D depiction"
pramlintide,grade_card,images/grade-cards/pramlintide.svg,svg,"Evidence-grade card for Pramlintide (Symlin). Overall grade A. Per-outcome — Glycemic control — mealtime-insulin adjunct (T1D & T2D): A; Weight (in diabetes / obesity): C; Postprandial glucose / glucagon suppression: B; Cardiometabolic biomarkers (lipids, BP): C; Safety / tolerability: not graded. Based on 5 cited sources, 2 DOI-verified.",CC-BY-4.0,Vallydia Ingredient-Evidence Register (https://vallydia.com) — evidence-grade card rendered from the dataset grades,
pramlintide,sequence_card,images/structures/pramlintide.svg,svg,"Data card for Pramlintide (Symlin): peptide, molecular formula C171H267N51O53S2, 277 heavy atoms, molecular weight 3949.5 g/mol. Large peptide — 2D structure not shown.",CC-BY-4.0,Vallydia Ingredient-Evidence Register (https://vallydia.com) — structure rendered with RDKit from a PubChem-resolved SMILES,"large molecule (277 heavy atoms > 70) — schematic card, not a 2D depiction"
pt-141,grade_card,images/grade-cards/pt-141.svg,svg,"Evidence-grade card for PT-141 (Bremelanotide). Overall grade B. Per-outcome — HSDD in premenopausal women (approved): B; Erectile dysfunction (men, off-label): C; General libido / arousal (both sexes, gray market): D; Safety: not graded. Based on 4 cited sources, 1 DOI-verified.",CC-BY-4.0,Vallydia Ingredient-Evidence Register (https://vallydia.com) — evidence-grade card rendered from the dataset grades,
pt-141,sequence_card,images/structures/pt-141.svg,svg,"Data card for PT-141 (Bremelanotide): peptide, molecular formula C50H68N14O10, 74 heavy atoms, molecular weight 1025.2 g/mol. Large peptide — 2D structure not shown.",CC-BY-4.0,Vallydia Ingredient-Evidence Register (https://vallydia.com) — structure rendered with RDKit from a PubChem-resolved SMILES,"large molecule (74 heavy atoms > 70) — schematic card, not a 2D depiction"
rapamycin,grade_card,images/grade-cards/rapamycin.svg,svg,"Evidence-grade card for Rapamycin (Sirolimus). Overall grade A. Per-outcome — Mammalian lifespan extension (animal): A; Human longevity / healthspan: F; Immunosuppression (approved): A; Autophagy / cellular ""repair mode"": B; Safety (longevity dosing): C. Based on 4 cited sources, 2 DOI-verified.",CC-BY-4.0,Vallydia Ingredient-Evidence Register (https://vallydia.com) — evidence-grade card rendered from the dataset grades,
rapamycin,structure,images/structures/rapamycin.svg,svg,"2D chemical structure of Rapamycin (Sirolimus) (C51H79NO13), molecular weight 914.2 g/mol, 65 heavy atoms.",CC-BY-4.0,Vallydia Ingredient-Evidence Register (https://vallydia.com) — structure rendered with RDKit from a PubChem-resolved SMILES,
retatrutide,grade_card,images/grade-cards/retatrutide.svg,svg,"Evidence-grade card for Retatrutide. Overall grade B. Per-outcome — Weight loss (obesity): B; Type-2 diabetes glycemic control: B; Hepatic fat / energy expenditure (the glucagon arm): C; Safety / long-term: not graded. Based on 2 cited sources, 0 DOI-verified.",CC-BY-4.0,Vallydia Ingredient-Evidence Register (https://vallydia.com) — evidence-grade card rendered from the dataset grades,
retatrutide,none,,,,CC-BY-4.0,Vallydia Ingredient-Evidence Register (https://vallydia.com) — structure rendered with RDKit from a PubChem-resolved SMILES,no image — identifier confidence 'none'; no confident structure to render
retinol,grade_card,images/grade-cards/retinol.svg,svg,"Evidence-grade card for Retinol (Vitamin A). Overall grade A. Per-outcome — Topical: fine wrinkles / photoaging appearance: A; Photoaging: skin texture, roughness, dermal remodeling: A; Hyperpigmentation appearance: B; Acne appearance / pore size: B; Comparative efficacy vs tretinoin (prescription retinoid): B; Formulation stability and delivery (mechanism-level): not graded; Safety (topical) and known side effects: not graded; Systemic exposure and cumulative vitamin A risk: not graded. Based on 11 cited sources, 8 DOI-verified.",CC-BY-4.0,Vallydia Ingredient-Evidence Register (https://vallydia.com) — evidence-grade card rendered from the dataset grades,
retinol,structure,images/structures/retinol.svg,svg,"2D chemical structure of Retinol (Vitamin A) (C20H30O), molecular weight 286.5 g/mol, 21 heavy atoms.",CC-BY-4.0,Vallydia Ingredient-Evidence Register (https://vallydia.com) — structure rendered with RDKit from a PubChem-resolved SMILES,
selank,grade_card,images/grade-cards/selank.svg,svg,"Evidence-grade card for Selank. Overall grade B. Per-outcome — Generalized anxiety disorder (on-label in Russia): C; Anxiolytic mechanism (GABA / enkephalin / BDNF): B; Cognitive / nootropic (secondary): D; Immune / antiviral (tuftsin heritage): C; General ""stress / focus"" (biohacker use): D; Safety: not graded. Based on 4 cited sources, 0 DOI-verified.",CC-BY-4.0,Vallydia Ingredient-Evidence Register (https://vallydia.com) — evidence-grade card rendered from the dataset grades,
selank,structure,images/structures/selank.svg,svg,"2D chemical structure of Selank (C33H57N11O9), molecular weight 751.9 g/mol, 53 heavy atoms.",CC-BY-4.0,Vallydia Ingredient-Evidence Register (https://vallydia.com) — structure rendered with RDKit from a PubChem-resolved SMILES,
semaglutide,grade_card,images/grade-cards/semaglutide.svg,svg,"Evidence-grade card for Semaglutide. Overall grade A. Per-outcome — Type-2 diabetes glycemic control: A; Chronic weight management (obesity): A; Cardiovascular risk reduction: A; Kidney (T2D + CKD): A; Safety: not graded. Based on 1 cited sources, 0 DOI-verified.",CC-BY-4.0,Vallydia Ingredient-Evidence Register (https://vallydia.com) — evidence-grade card rendered from the dataset grades,
semaglutide,sequence_card,images/structures/semaglutide.svg,svg,"Data card for Semaglutide: peptide, molecular formula C187H291N45O59, 291 heavy atoms, molecular weight 4113.6 g/mol. Large peptide — 2D structure not shown.",CC-BY-4.0,Vallydia Ingredient-Evidence Register (https://vallydia.com) — structure rendered with RDKit from a PubChem-resolved SMILES,"large molecule (291 heavy atoms > 70) — schematic card, not a 2D depiction"
semax,grade_card,images/grade-cards/semax.svg,svg,"Evidence-grade card for Semax. Overall grade B. Per-outcome — Ischemic-stroke recovery (on-label in Russia): C; BDNF/NGF upregulation & neuroprotection (mechanism): B; Cognitive enhancement in healthy adults (the popular use): D; Optic-nerve disease: D; Antidepressant / anxiety / stress: D; Marketed ""limitless-style"" cognitive enhancement: F; Safety: not graded. Based on 5 cited sources, 0 DOI-verified.",CC-BY-4.0,Vallydia Ingredient-Evidence Register (https://vallydia.com) — evidence-grade card rendered from the dataset grades,
semax,structure,images/structures/semax.svg,svg,"2D chemical structure of Semax (C37H51N9O10S), molecular weight 813.9 g/mol, 57 heavy atoms.",CC-BY-4.0,Vallydia Ingredient-Evidence Register (https://vallydia.com) — structure rendered with RDKit from a PubChem-resolved SMILES,
sermorelin,grade_card,images/grade-cards/sermorelin.svg,svg,"Evidence-grade card for Sermorelin. Overall grade B. Per-outcome — Pediatric GH deficiency / growth failure (former approved indication): B; GH-stimulation diagnostic testing (approved use): B; Raises GH / IGF-1 (physiologically): B; Adult anti-aging / body composition / sleep (the popular off-label use): C; Safety: not graded. Based on 3 cited sources, 0 DOI-verified.",CC-BY-4.0,Vallydia Ingredient-Evidence Register (https://vallydia.com) — evidence-grade card rendered from the dataset grades,
sermorelin,sequence_card,images/structures/sermorelin.svg,svg,"Data card for Sermorelin: peptide, molecular formula C149H246N44O42S, 236 heavy atoms, molecular weight 3357.9 g/mol. Large peptide — 2D structure not shown.",CC-BY-4.0,Vallydia Ingredient-Evidence Register (https://vallydia.com) — structure rendered with RDKit from a PubChem-resolved SMILES,"large molecule (236 heavy atoms > 70) — schematic card, not a 2D depiction"
slu-pp-332,grade_card,images/grade-cards/slu-pp-332.svg,svg,"Evidence-grade card for SLU-PP-332 (ERR agonist / ""exercise mimetic""). Overall grade F. Per-outcome — Fat loss / anti-obesity (metabolic syndrome): F; Endurance / aerobic capacity: F; Mitochondrial biogenesis / cellular respiration: F; Cardiac / other (heart failure, muscle regen, kidney/aging): F; Human efficacy or safety (any use): F; Safety: not graded. Based on 5 cited sources, 1 DOI-verified.",CC-BY-4.0,Vallydia Ingredient-Evidence Register (https://vallydia.com) — evidence-grade card rendered from the dataset grades,
slu-pp-332,structure,images/structures/slu-pp-332.svg,svg,"2D chemical structure of SLU-PP-332 (ERR agonist / ""exercise mimetic"") (C18H14N2O2), molecular weight 290.3 g/mol, 22 heavy atoms.",CC-BY-4.0,Vallydia Ingredient-Evidence Register (https://vallydia.com) — structure rendered with RDKit from a PubChem-resolved SMILES,
slu-pp-915,grade_card,images/grade-cards/slu-pp-915.svg,svg,"Evidence-grade card for SLU-PP-915. Overall grade B. Per-outcome — Endurance / exercise capacity (the marketed use): F; Oral bioavailability (its whole point vs #60): B; Metabolic syndrome / heart failure / muscle atrophy / DMD: F; Human efficacy or safety: F; Doping / sport status: not graded. Based on 4 cited sources, 2 DOI-verified.",CC-BY-4.0,Vallydia Ingredient-Evidence Register (https://vallydia.com) — evidence-grade card rendered from the dataset grades,
slu-pp-915,structure,images/structures/slu-pp-915.svg,svg,"2D chemical structure of SLU-PP-915 (C17H13BFNO3S), molecular weight 341.2 g/mol, 24 heavy atoms.",CC-BY-4.0,Vallydia Ingredient-Evidence Register (https://vallydia.com) — structure rendered with RDKit from a PubChem-resolved SMILES,
snap-8,grade_card,images/grade-cards/snap-8.svg,svg,"Evidence-grade card for SNAP-8 (Acetyl Octapeptide-3). Overall grade C. Per-outcome — Topical: appearance of expression lines: C; ""~30% more active than Argireline"": D; Reaching the neuromuscular junction at cosmetic doses: D; ""Works like Botox"": F; Safety (topical): not graded. Based on 3 cited sources, 0 DOI-verified.",CC-BY-4.0,Vallydia Ingredient-Evidence Register (https://vallydia.com) — evidence-grade card rendered from the dataset grades,
snap-8,sequence_card,images/structures/snap-8.svg,svg,"Data card for SNAP-8 (Acetyl Octapeptide-3): peptide, molecular formula C42H72N16O15S, 74 heavy atoms, molecular weight 1073.2 g/mol. Large peptide — 2D structure not shown.",CC-BY-4.0,Vallydia Ingredient-Evidence Register (https://vallydia.com) — structure rendered with RDKit from a PubChem-resolved SMILES,"large molecule (74 heavy atoms > 70) — schematic card, not a 2D depiction"
squalane,grade_card,images/grade-cards/squalane.svg,svg,"Evidence-grade card for Squalane. Overall grade B. Per-outcome — Emollient softening & moisture retention (appearance/feel of dry skin): B; Lightweight, non-comedogenic facial oil for oily / acne-prone skin (tolerability): B; Antioxidant / anti-ageing appearance: C; Soothing / post-procedure comfort (appearance & feel): C. Based on 4 cited sources, 4 DOI-verified.",CC-BY-4.0,Vallydia Ingredient-Evidence Register (https://vallydia.com) — evidence-grade card rendered from the dataset grades,
squalane,structure,images/structures/squalane.svg,svg,"2D chemical structure of Squalane (C30H62), molecular weight 422.8 g/mol, 30 heavy atoms.",CC-BY-4.0,Vallydia Ingredient-Evidence Register (https://vallydia.com) — structure rendered with RDKit from a PubChem-resolved SMILES,
ss-31,grade_card,images/grade-cards/ss-31.svg,svg,"Evidence-grade card for SS-31 (Elamipretide). Overall grade A. Per-outcome — Barth syndrome — muscle strength (the approved use): A; Primary mitochondrial myopathy: F; Heart failure (HFpEF / cardiac): F; Dry age-related macular degeneration (AMD): D; Acute kidney injury / ischemia-reperfusion: D; ""Cellular energy / anti-aging / exercise capacity in healthy people"" (the popular use): F; Cognitive / neuroprotection: F; Safety: not graded. Based on 5 cited sources, 2 DOI-verified.",CC-BY-4.0,Vallydia Ingredient-Evidence Register (https://vallydia.com) — evidence-grade card rendered from the dataset grades,
ss-31,structure,images/structures/ss-31.svg,svg,"2D chemical structure of SS-31 (Elamipretide) (C32H49N9O5), molecular weight 639.8 g/mol, 46 heavy atoms.",CC-BY-4.0,Vallydia Ingredient-Evidence Register (https://vallydia.com) — structure rendered with RDKit from a PubChem-resolved SMILES,
survodutide,grade_card,images/grade-cards/survodutide.svg,svg,"Evidence-grade card for Survodutide (BI 456906). Overall grade B. Per-outcome — Weight loss (obesity, no diabetes): B; MASH resolution / hepatic fat: B; Glycaemic control (T2D): C; Cardiovascular outcomes: not graded; Safety / tolerability: not graded. Based on 5 cited sources, 1 DOI-verified.",CC-BY-4.0,Vallydia Ingredient-Evidence Register (https://vallydia.com) — evidence-grade card rendered from the dataset grades,
survodutide,none,,,,CC-BY-4.0,Vallydia Ingredient-Evidence Register (https://vallydia.com) — structure rendered with RDKit from a PubChem-resolved SMILES,no image — identifier confidence 'none'; no confident structure to render
syn-ake,grade_card,images/grade-cards/syn-ake.svg,svg,"Evidence-grade card for Syn-Ake (Dipeptide Diaminobutyroyl Benzylamide Diacetate). Overall grade A. Per-outcome — Appearance of expression/dynamic wrinkles (the cosmetic use): B; Mechanism (mnAChR antagonism): B; ""Botox alternative"" equivalence: D; Antioxidant (secondary claim): C; Safety / tolerability (topical): A. Based on 4 cited sources, 2 DOI-verified.",CC-BY-4.0,Vallydia Ingredient-Evidence Register (https://vallydia.com) — evidence-grade card rendered from the dataset grades,
syn-ake,structure,images/structures/syn-ake.svg,svg,"2D chemical structure of Syn-Ake (Dipeptide Diaminobutyroyl Benzylamide Diacetate) (C23H37N5O7), molecular weight 495.6 g/mol, 35 heavy atoms.",CC-BY-4.0,Vallydia Ingredient-Evidence Register (https://vallydia.com) — structure rendered with RDKit from a PubChem-resolved SMILES,
tb-500,grade_card,images/grade-cards/tb-500.svg,svg,"Evidence-grade card for TB-500 (Thymosin Beta-4 fragment). Overall grade C. Per-outcome — Musculoskeletal / tendon / muscle recovery (the marketed use): C; Wound healing / corneal repair: C; Cardiac repair: C; Marketed ""recovery stack"" (with BPC-157) for human injury/performance: F; Safety & long-term: not graded. Based on 5 cited sources, 2 DOI-verified.",CC-BY-4.0,Vallydia Ingredient-Evidence Register (https://vallydia.com) — evidence-grade card rendered from the dataset grades,
tb-500,structure,images/structures/tb-500.svg,svg,"2D chemical structure of TB-500 (Thymosin Beta-4 fragment) (C38H68N10O14), molecular weight 889.0 g/mol, 62 heavy atoms.",CC-BY-4.0,Vallydia Ingredient-Evidence Register (https://vallydia.com) — structure rendered with RDKit from a PubChem-resolved SMILES,
tesamorelin,grade_card,images/grade-cards/tesamorelin.svg,svg,"Evidence-grade card for Tesamorelin. Overall grade A. Per-outcome — HIV-associated lipodystrophy — visceral-fat (VAT) reduction (approved indication): A; Liver fat / NAFLD (in HIV): B; Non-HIV visceral fat / general body composition / longevity (popular off-label): C; Cognition (older adults): C; Safety: not graded. Based on 4 cited sources, 0 DOI-verified.",CC-BY-4.0,Vallydia Ingredient-Evidence Register (https://vallydia.com) — evidence-grade card rendered from the dataset grades,
tesamorelin,sequence_card,images/structures/tesamorelin.svg,svg,"Data card for Tesamorelin: peptide, molecular formula C221H366N72O67S, 361 heavy atoms, molecular weight 5135.9 g/mol. Large peptide — 2D structure not shown.",CC-BY-4.0,Vallydia Ingredient-Evidence Register (https://vallydia.com) — structure rendered with RDKit from a PubChem-resolved SMILES,"large molecule (361 heavy atoms > 70) — schematic card, not a 2D depiction"
tesofensine,grade_card,images/grade-cards/tesofensine.svg,svg,"Evidence-grade card for Tesofensine. Overall grade B. Per-outcome — Weight loss / obesity: B; Energy expenditure + appetite (dual mechanism): B; Parkinson's / Alzheimer's (original use): D; Cardiovascular safety: C; Tolerability: C. Based on 4 cited sources, 2 DOI-verified.",CC-BY-4.0,Vallydia Ingredient-Evidence Register (https://vallydia.com) — evidence-grade card rendered from the dataset grades,
tesofensine,structure,images/structures/tesofensine.svg,svg,"2D chemical structure of Tesofensine (C17H23Cl2NO), molecular weight 328.3 g/mol, 21 heavy atoms.",CC-BY-4.0,Vallydia Ingredient-Evidence Register (https://vallydia.com) — structure rendered with RDKit from a PubChem-resolved SMILES,
thymalin,grade_card,images/grade-cards/thymalin.svg,svg,"Evidence-grade card for Thymalin. Overall grade C. Per-outcome — Immune restoration / immunocorrection (the registered use): C; Geroprotection / longevity: C; Severe COVID-19 immune modulation (elderly): D; Radiation / hematopoietic immune injury: D; Independent replication / overall quality: not graded; Safety: not graded. Based on 5 cited sources, 3 DOI-verified.",CC-BY-4.0,Vallydia Ingredient-Evidence Register (https://vallydia.com) — evidence-grade card rendered from the dataset grades,
thymalin,none,,,,CC-BY-4.0,Vallydia Ingredient-Evidence Register (https://vallydia.com) — structure rendered with RDKit from a PubChem-resolved SMILES,no image — identifier confidence 'none'; no confident structure to render
thymosin-alpha-1,grade_card,images/grade-cards/thymosin-alpha-1.svg,svg,"Evidence-grade card for Thymosin Alpha-1 (Thymalfasin / Zadaxin). Overall grade B. Per-outcome — Chronic hepatitis B (approved indication): B; Immune modulation / vaccine response (elderly, immunocompromised): B; Sepsis: C; Cancer immunotherapy adjunct: C; COVID-19 (severe/hospitalised): C; General ""immune boosting"" (healthy people / wellness): D; Safety: not graded. Based on 5 cited sources, 0 DOI-verified.",CC-BY-4.0,Vallydia Ingredient-Evidence Register (https://vallydia.com) — evidence-grade card rendered from the dataset grades,
thymosin-alpha-1,sequence_card,images/structures/thymosin-alpha-1.svg,svg,"Data card for Thymosin Alpha-1 (Thymalfasin / Zadaxin): peptide, molecular formula C129H215N33O55, 217 heavy atoms, molecular weight 3108.3 g/mol. Large peptide — 2D structure not shown.",CC-BY-4.0,Vallydia Ingredient-Evidence Register (https://vallydia.com) — structure rendered with RDKit from a PubChem-resolved SMILES,"large molecule (217 heavy atoms > 70) — schematic card, not a 2D depiction"
tirzepatide,grade_card,images/grade-cards/tirzepatide.svg,svg,"Evidence-grade card for Tirzepatide. Overall grade A. Per-outcome — Type-2 diabetes glycemic control: A; Chronic weight management (obesity): A; Obstructive sleep apnea (with obesity): A; Safety: not graded. Based on 1 cited sources, 0 DOI-verified.",CC-BY-4.0,Vallydia Ingredient-Evidence Register (https://vallydia.com) — evidence-grade card rendered from the dataset grades,
tirzepatide,none,,,,CC-BY-4.0,Vallydia Ingredient-Evidence Register (https://vallydia.com) — structure rendered with RDKit from a PubChem-resolved SMILES,no image — identifier confidence 'none'; no confident structure to render
tranexamic-acid,grade_card,images/grade-cards/tranexamic-acid.svg,svg,"Evidence-grade card for Tranexamic Acid. Overall grade B. Per-outcome — Topical: melasma (products typically 2–5%): B; Topical: post-inflammatory hyperpigmentation & general uneven tone: B; Safety (topical cosmetic form): not graded. Based on 4 cited sources, 4 DOI-verified.",CC-BY-4.0,Vallydia Ingredient-Evidence Register (https://vallydia.com) — evidence-grade card rendered from the dataset grades,
tranexamic-acid,structure,images/structures/tranexamic-acid.svg,svg,"2D chemical structure of Tranexamic Acid (C8H15NO2), molecular weight 157.2 g/mol, 11 heavy atoms.",CC-BY-4.0,Vallydia Ingredient-Evidence Register (https://vallydia.com) — structure rendered with RDKit from a PubChem-resolved SMILES,
vip,grade_card,images/grade-cards/vip.svg,svg,"Evidence-grade card for VIP (Vasoactive Intestinal Peptide). Overall grade A. Per-outcome — Endogenous physiology (circadian/SCN, vasodilation, anti-inflammatory): A; CIRS / mold-illness (""capstone"" nasal-spray therapy — the marketed use): D; Inflammatory / pulmonary disease (inhaled VIP; aviptadil in ARDS/COVID): C; Circadian / sleep, anxiety/depression, ""anti-aging,"" nootropic (speculative gray-market): F; Safety: not graded. Based on 5 cited sources, 3 DOI-verified.",CC-BY-4.0,Vallydia Ingredient-Evidence Register (https://vallydia.com) — evidence-grade card rendered from the dataset grades,
vip,none,,,,CC-BY-4.0,Vallydia Ingredient-Evidence Register (https://vallydia.com) — structure rendered with RDKit from a PubChem-resolved SMILES,no image — identifier confidence 'none'; no confident structure to render
vitamin-c,grade_card,images/grade-cards/vitamin-c.svg,svg,"Evidence-grade card for Vitamin C (L-Ascorbic Acid). Overall grade A. Per-outcome — Topical L-AA: fine wrinkles / photoaging appearance (5–15%): A; Antioxidant photoprotection (adjunct to sunscreen): A; Hyperpigmentation appearance (melasma, sun spots, PIH): A; Collagen synthesis (mechanism-level cofactor): A; Topical L-AA at 20%+ (high-strength): B; Vitamin C derivatives (SAP, MAP, ascorbyl glucoside, EAA, THDA): B; Sensitive skin tolerability: not graded; Formulation stability (mechanism-level): not graded; Compatibility with copper peptides (GHK-Cu): not graded; Systemic / oral vitamin C for skin outcomes: not graded. Based on 9 cited sources, 7 DOI-verified.",CC-BY-4.0,Vallydia Ingredient-Evidence Register (https://vallydia.com) — evidence-grade card rendered from the dataset grades,
vitamin-c,structure,images/structures/vitamin-c.svg,svg,"2D chemical structure of Vitamin C (L-Ascorbic Acid) (C6H8O6), molecular weight 176.1 g/mol, 12 heavy atoms.",CC-BY-4.0,Vallydia Ingredient-Evidence Register (https://vallydia.com) — structure rendered with RDKit from a PubChem-resolved SMILES,
wolverine-stack,grade_card,images/grade-cards/wolverine-stack.svg,svg,"Evidence-grade card for ""Wolverine"" Stack (BPC-157 + TB-500). Overall grade C. Per-outcome — The combination's synergy / healing (the entire selling point): F; Mechanistic rationale (coupled angiogenesis + cell migration): C; BPC-157 alone (soft tissue/gut): D; TB-500 fragment alone: D; Combination safety: not graded. Based on 4 cited sources, 0 DOI-verified.",CC-BY-4.0,Vallydia Ingredient-Evidence Register (https://vallydia.com) — evidence-grade card rendered from the dataset grades,
wolverine-stack,none,,,,CC-BY-4.0,Vallydia Ingredient-Evidence Register (https://vallydia.com) — structure rendered with RDKit from a PubChem-resolved SMILES,no image — identifier confidence 'none'; no confident structure to render
