slug,name,source_index,source_text,doi,resolved,verified_title,openalex_id,semantic_scholar_id,citation_count,oa_url,enrichment_source
5-amino-1mq,5-Amino-1MQ (NNMT inhibitor),0,"Kraus D, et al. Nicotinamide N-methyltransferase knockdown protects against diet-induced obesity. Nature. 2014;508:258-262 (target validation; genetic, not 5A1MQ).",10.1038/nature13198,high,Nicotinamide N-methyltransferase knockdown protects against diet-induced obesity,W2062481845,121144dabbde7533da704c1f2c199eea0c7a85c0,497,https://www.nature.com/articles/nature13198.pdf,OpenAlex+SemanticScholar
adipotide,Adipotide (FTPP / Prohibitin-TP01),0,"Kolonin MG, Saha PK, Chan L, Pasqualini R, Arap W. Reversal of obesity by targeted ablation of adipose tissue. Nat Med. 2004;10(6):625-632 (PMID 15133506) — the foundational paper.",10.1038/nm1048,high,Reversal of obesity by targeted ablation of adipose tissue,W2092566647,89525a93fc7ff79d48666b12e2ebf568884ea4e1,594,,OpenAlex+SemanticScholar
adipotide,Adipotide (FTPP / Prohibitin-TP01),1,"Barnhart KF, et al. A peptidomimetic targeting white fat causes weight loss and improved insulin resistance in obese monkeys. Sci Transl Med. 2011 (the ~11%/28-day primate result + renal-tubular signal).",10.1126/scitranslmed.3002621,high,A Peptidomimetic Targeting White Fat Causes Weight Loss and Improved Insulin Resistance in Obese Monkeys,W2152342778,,101,,OpenAlex
adipotide,Adipotide (FTPP / Prohibitin-TP01),2,"Rupnick MA, et al. Adipose tissue mass can be regulated through the vasculature. PNAS. 2002 (proof-of-concept).",10.1073/pnas.162349799,high,Adipose tissue mass can be regulated through the vasculature,W1999239339,0e52be43e454738c0be23fcc2e7fbfb1e80ba3ea,832,https://www.ncbi.nlm.nih.gov/pmc/articles/125027,OpenAlex+SemanticScholar
afamelanotide,Afamelanotide (Scenesse / Melanotan-1),3,"Wensink D, et al. Afamelanotide for prevention of phototoxicity in erythropoietic protoporphyria. Expert Rev Clin Pharmacol. 2021 (review).",10.1080/17512433.2021.1879638,high,Afamelanotide for prevention of phototoxicity in erythropoietic protoporphyria,W3123567807,,42,https://www.tandfonline.com/doi/pdf/10.1080/17512433.2021.1879638?needAccess=true,OpenAlex
ahk-cu,AHK-Cu (Copper Tripeptide-3),0,"Pyo HK, Yoo HG, Won CH, et al. The effect of tripeptide-copper complex on human hair growth in vitro. Arch Pharm Res. 2007;30(7):834–839. (PMID 17703734) — the foundational ex-vivo/in-vitro study.",10.1007/bf02978833,high,The effect of tripeptide-copper complex on human hair growth in vitro,W2074218781,,57,,OpenAlex
aicar,AICAR (Acadesine),0,"Narkar VA, et al. AMPK and PPARδ Agonists Are Exercise Mimetics. Cell. 2008;134:405-415 (the ~44% endurance / ""exercise mimetic"" paper; Evans lab, Salk).",10.1016/j.cell.2008.06.051,high,AMPK and PPARδ Agonists Are Exercise Mimetics,W2061075485,733ca062024357543c5043228ab533f80dc887df,1199,http://www.cell.com/article/S0092867408008386/pdf,OpenAlex+SemanticScholar
alpha-arbutin,Alpha Arbutin,0,"Tantanasrigul P, Sripha A, Chongmelaxme B. The Efficacy of Topical Cosmetic Containing Alpha-Arbutin 5% and Kojic Acid 2% Compared With Triple Combination Cream for the Treatment of Melasma: A Split-Face, Evaluator-Blinded Randomized Pilot Study. J Cosmet Dermatol. 2024;e16562.",10.1111/jocd.16562,high,"The Efficacy of Topical Cosmetic Containing Alpha-Arbutin 5% and Kojic Acid 2% Compared With Triple Combination Cream for the Treatment of Melasma: A Split-Face, Evaluator-Blinded Randomized Pilot Study",W4404462830,3194ba3e77f9d030d41b592030ba26467f614df9,9,https://onlinelibrary.wiley.com/doi/pdfdirect/10.1111/jocd.16562,OpenAlex+SemanticScholar
alpha-arbutin,Alpha Arbutin,1,"Sugimoto K, Nishimura T, Nomura K, Sugimoto K, Kuriki T. Inhibitory Effects of Alpha-Arbutin on Melanin Synthesis in Cultured Human Melanoma Cells and a Three-Dimensional Human Skin Model. Biol Pharm Bull. 2004;27(4):510-514.",10.1248/bpb.27.510,high,Inhibitory Effects of Alpha-Arbutin on Melanin Synthesis in Cultured Human Melanoma Cells and a Three-Dimensional Human Skin Model,W2103567148,,151,https://www.jstage.jst.go.jp/article/bpb/27/4/27_4_510/_pdf,OpenAlex
alpha-arbutin,Alpha Arbutin,2,Boo YC. Arbutin as a Skin Depigmenting Agent with Antimelanogenic and Antioxidant Properties. Antioxidants (Basel). 2021;10(7):1129.,10.3390/antiox10071129,high,Arbutin as a Skin Depigmenting Agent with Antimelanogenic and Antioxidant Properties,W3179967564,966a958ea89b511824607036c2a35a3af842d027,222,https://www.mdpi.com/2076-3921/10/7/1129/pdf?version=1626423973,OpenAlex+SemanticScholar
amycretin,Amycretin,1,"Dahl K, et al. Amycretin, a novel unimolecular GLP-1 and amylin receptor agonist administered subcutaneously: a Phase 1b/2a study. Lancet. 2025.",10.1016/s0140-6736(25)01185-7,high,"Amycretin, a novel, unimolecular GLP-1 and amylin receptor agonist administered subcutaneously: results from a phase 1b/2a randomised controlled study",W4411475014,4b2fdfd2649a5521f2ec2ff325594f92af387f4a,56,,OpenAlex+SemanticScholar
argireline,Argireline (Acetyl Hexapeptide-8),0,"Blanes-Mira C, et al. A synthetic hexapeptide (Argireline) with antiwrinkle activity. Int J Cosmet Sci. 2002.",10.1046/j.1467-2494.2002.00153.x,high,A synthetic hexapeptide (Argireline) with antiwrinkle activity,W2144640136,527d01fd26466e7473eabc4177a19e0a9cc56503,181,https://onlinelibrary.wiley.com/doi/pdfdirect/10.1046/j.1467-2494.2002.00153.x,OpenAlex+SemanticScholar
argireline,Argireline (Acetyl Hexapeptide-8),3,"Lim S-H, et al. Enhanced skin permeation of anti-wrinkle peptides via molecular modification. (penetration limits.) PMC5785486.",10.1038/s41598-017-18454-z,high,Enhanced Skin Permeation of Anti-wrinkle Peptides via Molecular Modification,W2799699112,2b5d8861b4d275a18b1e0ff126513e31c376360d,57,https://www.nature.com/articles/s41598-017-18454-z.pdf,OpenAlex+SemanticScholar
argireline,Argireline (Acetyl Hexapeptide-8),4,Public interest in acetyl hexapeptide-8: longitudinal analysis. PMC10915729.,10.2196/54217,high,Public Interest in Acetyl Hexapeptide-8: Longitudinal Analysis,W4391291409,,9,https://doi.org/10.2196/54217,OpenAlex
azelaic-acid,Azelaic Acid,0,"King S, Campbell J, Rowe R, Daly ML, Moncrieff G, Maybury C. A systematic review to evaluate the efficacy of azelaic acid in the management of acne, rosacea, melasma and skin aging. J Cosmet Dermatol. 2023;22(10):2650-2662.",10.1111/jocd.15923,high,"A systematic review to evaluate the efficacy of azelaic acid in the management of acne, rosacea, melasma and skin aging",W4385662033,0d33c7745b7fe441655bb9b5744bdca700bb8105,34,https://onlinelibrary.wiley.com/doi/pdfdirect/10.1111/jocd.15923,OpenAlex+SemanticScholar
azelaic-acid,Azelaic Acid,1,"Albzea W, AlRashidi R, Alkandari D, et al. Azelaic Acid Versus Hydroquinone for Managing Patients With Melasma: Systematic Review and Meta-Analysis of Randomized Controlled Trials. Cureus. 2023;15(7):e41796.",10.7759/cureus.41796,high,Azelaic Acid Versus Hydroquinone for Managing Patients With Melasma: Systematic Review and Meta-Analysis of Randomized Controlled Trials,W4384133475,,13,https://assets.cureus.com/uploads/review_article/pdf/167988/20230713-5700-1po6zzv.pdf,OpenAlex
azelaic-acid,Azelaic Acid,2,"McKesey J, Tovar-Garza A, Pandya AG. Melasma Treatment: An Evidence-Based Review. Am J Clin Dermatol. 2020;21(2):173-225.",10.1007/s40257-019-00488-w,high,Melasma Treatment: An Evidence-Based Review,W2994476652,,245,,OpenAlex
bakuchiol,Bakuchiol,0,"Chaudhuri RK, Bojanowski K. Bakuchiol: a retinol-like functional compound revealed by gene expression profiling and clinically proven to have anti- aging effects. Int J Cosmet Sci. 2014; 36(3):221-30. doi:10.1111/ics.12117. [Sytheon Ltd — declared conflict of interest]",10.1111/ics.12117,high,Bakuchiol: a retinol‐like functional compound revealed by gene expression profiling and clinically proven to have anti‐aging effects,W1980403245,bca4f4f84e747640cbc6d6f43c1441aff63b3ffb,160,,OpenAlex+SemanticScholar
bakuchiol,Bakuchiol,1,"Dhaliwal S, Rybak I, Ellis SR, et al. Prospective, randomized, double- blind assessment of topical bakuchiol and retinol for facial photoageing. Br J Dermatol. 2019; 180(2):289-296. doi:10.1111/bjd.16918. [Independent — University of California / Michigan / Florida / Pennsylvania]",10.1111/bjd.16918,high,"Prospective, randomized, double‐blind assessment of topical bakuchiol and retinol for facial photoageing",W2811117926,7fd0a4e50aa6490c026594d8f75556e124f2343b,135,https://onlinelibrary.wiley.com/doi/pdfdirect/10.1111/bjd.16918,OpenAlex+SemanticScholar
bakuchiol,Bakuchiol,2,"Draelos ZD, Gunt H, Zeichner J, Levy S. Clinical evaluation of a nature- based bakuchiol anti-aging moisturizer for sensitive skin. J Drugs Dermatol. 2020; 19(12):1181.",10.36849/jdd.2020.5522,high,Clinical Evaluation of a Nature-Based Bakuchiol Anti-Aging Moisturizer for Sensitive Skin,W3116538102,efc20d2586c8b166d88027182bac7f3166e0e971,48,https://jddonline.com/articles/dermatology/S1545961620P1181X&download=1,OpenAlex+SemanticScholar
bakuchiol,Bakuchiol,3,"Goldberg DJ, Robinson DM, Granger C. Clinical evidence of the efficacy and safety of a new 3-in-1 anti-aging topical night serum-in-oil containing melatonin, bakuchiol, and ascorbyl tetraisopalmitate. J Cosmet Dermatol. 2020.",10.1111/jocd.12896,high,"Clinical evidence of the efficacy and safety of a new 3‐in‐1 anti‐aging topical night serum‐in‐oil containing melatonin, bakuchiol, and ascorbyl tetraisopalmitate: 103 females treated from 28 to 84 days",W2933177976,ac45bd7a9c8283bf56b7f15b046d2b79dcff7212,38,,OpenAlex+SemanticScholar
bakuchiol,Bakuchiol,6,"Chaudhuri RK. Chapter — Bakuchiol: A Retinol-Like Functional Compound, Modulating Multiple Retinol and Non-Retinol Targets. In: Cosmeceuticals and Active Cosmetics. 2015. [Sytheon — mechanistic review]",10.1201/b18895-2,high,"Bakuchiol: A Retinol-Like Functional Compound, Modulating Multiple Retinol and Non-Retinol Targets",W4235233482,,10,,OpenAlex
bimagrumab,Bimagrumab (BYM338),0,"Heymsfield SB, et al. Effect of bimagrumab vs placebo on body fat mass among adults with type-2 diabetes and obesity: a Phase 2 randomized clinical trial. JAMA Netw Open. 2021.",10.1001/jamanetworkopen.2020.33457,high,Effect of Bimagrumab vs Placebo on Body Fat Mass Among Adults With Type 2 Diabetes and Obesity,W3120336759,a36f102fdf5c40f6b42232babeee67ef4fc63eec,310,https://jamanetwork.com/journals/jamanetworkopen/articlepdf/2774903/heymsfield_2021_oi_201022_1614013899.24733.pdf,OpenAlex+SemanticScholar
bimagrumab,Bimagrumab (BYM338),2,"Nunn E, et al. Antibody blockade of activin type II receptors preserves skeletal muscle mass and enhances fat loss during GLP-1 receptor agonism. Mol Metab. 2024.",10.1016/j.molmet.2024.101880,high,Antibody blockade of activin type II receptors preserves skeletal muscle mass and enhances fat loss during GLP-1 receptor agonism,W4390755114,,109,https://doi.org/10.1016/j.molmet.2024.101880,OpenAlex
bpc-157,BPC-157,1,"Chang C-H, et al. Pentadecapeptide BPC 157 enhances growth-hormone-receptor expression in tendon fibroblasts. 2014.",10.3390/molecules191119066,high,Pentadecapeptide BPC 157 Enhances the Growth Hormone Receptor Expression in Tendon Fibroblasts,W2138025841,9fc0302e115e9056417f9c90e84c59dab8004d19,83,https://www.mdpi.com/1420-3049/19/11/19066/pdf?version=1416390168,OpenAlex+SemanticScholar
bpc-157,BPC-157,2,"Hsieh M-J, et al. Therapeutic potential of pro-angiogenic BPC157 associated with VEGFR2 activation and up-regulation. J Mol Med (Berl). 2017.",10.1007/s00109-016-1488-y,high,Therapeutic potential of pro-angiogenic BPC157 is associated with VEGFR2 activation and up-regulation,W2556959132,,87,,OpenAlex
bpc-157,BPC-157,4,"Vasireddi N, et al. Emerging Use of BPC-157 in Orthopaedic Sports Medicine: a Systematic Review. 2025. — 544 articles screened → 36 included (35 preclinical, 1 clinical).",10.1177/15563316251355551,high,Emerging Use of BPC-157 in Orthopaedic Sports Medicine: A Systematic Review,W4412788185,,12,https://www.ncbi.nlm.nih.gov/pmc/articles/12313605,OpenAlex
ceramides,Ceramides,0,"Elias PM, Wakefield JS. Mechanisms of abnormal lamellar body secretion and the dysfunctional skin barrier in patients with atopic dermatitis. J Allergy Clin Immunol. 2014.",10.1016/j.jaci.2014.05.048,high,Mechanisms of abnormal lamellar body secretion and the dysfunctional skin barrier in patients with atopic dermatitis,W2041515888,,237,http://www.jacionline.org/article/S0091674914008689/pdf,OpenAlex
ceramides,Ceramides,1,"Meckfessel MH, Brandt S. The structure, function, and importance of ceramides in skin and their use as therapeutic agents in skin-care products. J Am Acad Dermatol. 2014; 71(1):177-84.",10.1016/j.jaad.2014.01.891,high,"The structure, function, and importance of ceramides in skin and their use as therapeutic agents in skin-care products",W2149265944,46d8cabceb5ce991e767e3606dbe0664d835f242,184,,OpenAlex+SemanticScholar
ceramides,Ceramides,3,"Spada F, Barnes TM, Greive KA. Skin hydration is significantly increased by a cream formulated to mimic the skin's own natural moisturizing systems. Clin Cosmet Investig Dermatol. 2018.",10.2147/ccid.s177697,high,Skin hydration is significantly increased by a cream formulated to mimic the skin&amp;rsquo;s own natural moisturizing systems,W2897836740,a2cc9c863f24a34964a41010d7ebb18015db1e2f,82,https://www.dovepress.com/getfile.php?fileID=45336,OpenAlex+SemanticScholar
cerebrolysin,Cerebrolysin,0,"Cochrane reviews — Cerebrolysin for vascular dementia (2013; updated 2025) and for acute ischemic stroke (2023, 7 RCTs / 1,773 participants: no mortality benefit; ↑ non-fatal serious AEs RR ~2.39).",10.1002/14651858.cd008900.pub2,high,Cerebrolysin for vascular dementia,W1871009028,,91,https://www.ncbi.nlm.nih.gov/pmc/articles/6844361,OpenAlex
dasatinib-quercetin,Dasatinib + Quercetin / Fisetin (Senolytics),0,"Zhu Y, et al. The Achilles' heel of senescent cells: from transcriptome to senolytic drugs. Aging Cell 2015 (D+Q discovery; SCAP hypothesis).",10.1111/acel.12344,high,The Achilles’ heel of senescent cells: from transcriptome to senolytic drugs,W2128807350,b28ac1f15c7c5abd50d4c55a9d475faad778f3dc,2464,https://onlinelibrary.wiley.com/doi/pdfdirect/10.1111/acel.12344,OpenAlex+SemanticScholar
dasatinib-quercetin,Dasatinib + Quercetin / Fisetin (Senolytics),1,"Kirkland JL, Tchkonia T. Senolytic drugs: from discovery to translation. J Intern Med 2020 (D, Q, Fisetin, Navitoclax as first senolytics).",10.1111/joim.13141,high,Senolytic drugs: from discovery to translation,W3042236956,,1158,https://doi.org/10.1111/joim.13141,OpenAlex
dasatinib-quercetin,Dasatinib + Quercetin / Fisetin (Senolytics),3,"Yousefzadeh MJ, et al. Fisetin is a senotherapeutic that extends health and lifespan. EBioMedicine 2018 (top flavonoid; mouse lifespan).",10.1016/j.ebiom.2018.09.015,high,Fisetin is a senotherapeutic that extends health and lifespan,W2893617001,f19a7256b13f6aa40c0b94915d3267e63b7ea9b6,992,http://www.thelancet.com/article/S2352396418303736/pdf,OpenAlex+SemanticScholar
ectoin,Ectoin,0,"Graf R, et al. The multifunctional role of ectoine as a natural cell protectant. Clin Dermatol. 2008; 26(4):326-33.",10.1016/j.clindermatol.2008.01.002,high,The multifunctional role of ectoine as a natural cell protectant,W2042915927,,291,,OpenAlex
ectoin,Ectoin,1,"Marini A, et al. Ectoine-containing cream in the treatment of mild to moderate atopic dermatitis: a randomised, comparator-controlled, intra-individual double-blind, multi-center trial. Skin Pharmacol Physiol. 2014.",10.1159/000351381,high,"Ectoine-Containing Cream in the Treatment of Mild to Moderate Atopic Dermatitis: A Randomised, Comparator-Controlled, Intra-Individual Double-Blind, Multi-Center Trial",W1978828017,8cebe5f8e0745e1ce90875cc3b9822fb7acb041b,104,,OpenAlex+SemanticScholar
ectoin,Ectoin,3,"Bilstein A, et al. Ectoin in the Treatment of Irritations and Inflammations of the Eye Surface. Biomed Res Int. 2021.",10.1155/2021/8885032,high,Ectoine in the Treatment of Irritations and Inflammations of the Eye Surface,W3127502316,8e7446256935716ce843cefc2c328993e2694747,64,https://downloads.hindawi.com/journals/bmri/2021/8885032.pdf,OpenAlex+SemanticScholar
ectoin,Ectoin,4,"Kauth M, Trusova O. Topical Ectoine Application in Children and Adults to Treat Inflammatory Diseases Associated with an Impaired Skin Barrier: A Systematic Review. Dermatol Ther (Heidelb). 2022.",10.1007/s13555-021-00676-9,high,Topical Ectoine Application in Children and Adults to Treat Inflammatory Diseases Associated with an Impaired Skin Barrier: A Systematic Review,W4206590419,d2bf8c9adced1ee87f6b4ae4095ea81b800a2cb5,42,https://link.springer.com/content/pdf/10.1007/s13555-021-00676-9.pdf,OpenAlex+SemanticScholar
epitalon,Epitalon (Epithalon),0,"Khavinson VKh, Bondarev IE, Butyugov AA. Epithalon peptide induces telomerase activity and telomere elongation in human somatic cells. Bull Exp Biol Med. 2003.",10.1023/a:1025493705728,high,Epithalon Peptide Induces Telomerase Activity and Telomere Elongation in Human Somatic Cells,W1554480048,f59d05e0b63767a5cbb7eb46080c768afdf8144c,24,,OpenAlex+SemanticScholar
epitalon,Epitalon (Epithalon),2,Araj (et al.). Epitalon increases telomere length in human cell lines through telomerase upregulation or ALT activity. Biogerontology. 2025. (independent in-vitro study),10.1007/s10522-025-10315-x,high,Epitalon increases telomere length in human cell lines through telomerase upregulation or ALT activity,W4413977428,61198ff49e2a8028cd84e7a5879423706a0d2f76,2,https://link.springer.com/content/pdf/10.1007/s10522-025-10315-x.pdf,OpenAlex+SemanticScholar
follistatin,Follistatin (FST-344),2,"Kota J, Sumner CJ, et al. Inhibition of myostatin, with emphasis on follistatin as a therapy for muscle disease. (Review; PMC2717722.)",10.1002/mus.21244,high,Inhibition of myostatin with emphasis on follistatin as a therapy for muscle disease,W2108645449,4f988f237aca825c25152955fd8071669efc6b75,190,https://www.ncbi.nlm.nih.gov/pmc/articles/2717722,OpenAlex+SemanticScholar
ghk-cu,GHK-Cu (Copper Tripeptide-1),4,"Pickart L, Margolina A. Regenerative and protective actions of the GHK-Cu peptide (gene-expression review). Int J Mol Sci. 2018 (PMID 29986520).",10.3390/ijms19071987,high,Regenerative and Protective Actions of the GHK-Cu Peptide in the Light of the New Gene Data,W2824378340,b4aacd8adb98385a224b0325cd4b171a27e64011,140,https://www.mdpi.com/1422-0067/19/7/1987/pdf?version=1530961581,OpenAlex+SemanticScholar
ghk-cu,GHK-Cu (Copper Tripeptide-1),5,"Mortazavi SM, et al. Topically applied GHK as an anti-wrinkle peptide: advantages, problems, prospects. BioImpacts. 2024.",10.34172/bi.30071,high,"Topically applied GHK as an anti-wrinkle peptide: Advantages, problems and prospective",W4399973411,893b32dd9ab3a50ba5c149b4ecca9583f266dc4b,5,https://bi.tbzmed.ac.ir/Inpress/bi-30071.pdf,OpenAlex+SemanticScholar
ghrp-6,GHRP-6,2,"Kojima M, Kangawa K, et al. Ghrelin is a growth-hormone-releasing acylated peptide from stomach. Nature. 1999. (the endogenous ligand GHRP-6 pointed to)",10.1038/45230,high,Ghrelin is a growth-hormone-releasing acylated peptide from stomach,W2163865122,1c28044fc60144cc3a95caaf2b4ed9bbb0c6b09d,8473,,OpenAlex+SemanticScholar
glutathione,Glutathione (GSH),0,"Sonthalia S, et al. Glutathione as a skin whitening agent: facts, myths, evidence and controversies. Indian J Dermatol Venereol Leprol. 2016 (mechanism, evidence, Philippine FDA warning).",10.4103/0378-6323.179088,high,"Glutathione as a skin whitening agent: Facts, myths, evidence and controversies",W2325451653,00937639157dac4610db6475280785267f31f7bb,119,https://ijdvl.com/view-pdf/?&article=3a8f6da43d188f4524bbfd7649daa125cE1PMa4YOXw=,OpenAlex+SemanticScholar
glutathione,Glutathione (GSH),1,"Glutathione for skin lightening: a regnant myth or evidence-based verity? (PMC5808366) — oral GRAS status, low bioavailability, IV controversy.",10.5826/dpc.0801a04,high,Glutathione for skin lightening: a regnant myth or evidence-based verity?,W2791717670,70901159acb00082129d414f57b49fe9ee9e6939,35,https://www.derm101.com/wp-content/uploads/dp0801a04.pdf,OpenAlex+SemanticScholar
hexarelin,Hexarelin (Examorelin),0,"Bodart V, Ong H, et al. CD36 mediates the cardiovascular action of growth-hormone-releasing peptides in the heart. Circ Res. 2002. (CD36 identification)",10.1161/01.res.0000016164.02525.b4,high,CD36 Mediates the Cardiovascular Action of Growth Hormone-Releasing Peptides in the Heart,W2149074941,254b3f450938e74bfe4e9076778752b76c252264,171,,OpenAlex+SemanticScholar
humanin,Humanin (HN / HNG / S14G-Humanin),0,"Hashimoto Y, et al. A rescue factor abolishing neuronal cell death by a wide spectrum of familial Alzheimer's disease genes and Aβ. PNAS. 2001 (original discovery).",10.1073/pnas.101133498,high,A rescue factor abolishing neuronal cell death by a wide spectrum of familial Alzheimer's disease genes and Aβ,W2104592988,f09ae5c7add125739af1f0f786a154034fe73d09,620,https://www.ncbi.nlm.nih.gov/pmc/articles/33469,OpenAlex+SemanticScholar
hyaluronic-acid,Hyaluronic Acid (Sodium Hyaluronate),2,"Nobile V, et al. Oral intake and topical application of hyaluronic acid ameliorates skin aging signs: efficacy results of a placebo-controlled in&out trial. Cosmetics. 2025; 12:52.",10.3390/cosmetics12020052,high,Oral Intake and Topical Application of Hyaluronic Acid Ameliorates Skin Aging Signs: Efficacy Results of a Placebo-Controlled In&amp;Out Trial,W4408505203,82287c1434a738757acf9084a51eacbaaf95cb3c,3,https://www.mdpi.com/2079-9284/12/2/52/pdf?version=1742215312,OpenAlex+SemanticScholar
hyaluronic-acid,Hyaluronic Acid (Sodium Hyaluronate),3,"Oral sodium hyaluronate improves skin hydration, barrier function and signs of aging: a randomized, double-blind, placebo-controlled trial in 150 healthy adults. Sci Rep. 2025.",10.1038/s41598-025-32758-5,high,"Oral sodium hyaluronate improves skin hydration, barrier function and signs of aging: a randomized, double-blind, placebo-controlled trial in 150 healthy adults",W4417526042,ff8012617aedaf1f3233c3fb8ccf9e4595bdb6ae,4,https://www.nature.com/articles/s41598-025-32758-5_reference.pdf,OpenAlex+SemanticScholar
hyaluronic-acid,Hyaluronic Acid (Sodium Hyaluronate),5,"Zhang R, Yaqoubi M, et al. The Effect of Local Hyaluronic Acid Injection on Skin Aging: A Systematic Review and Meta-Analysis. J Cosmet Dermatol. 2024; PMC11731322.",10.1111/jocd.16760,high,The Effect of Local Hyaluronic Acid Injection on Skin Aging: A Systematic Review and Meta‐Analysis,W4406371041,,21,https://doi.org/10.1111/jocd.16760,OpenAlex
ipamorelin,Ipamorelin,0,"Raun K, et al. Ipamorelin, the first selective growth hormone secretagogue. Eur J Endocrinol. 1998. (PMID 9849822)",10.1530/eje.0.1390552,high,"Ipamorelin, the first selective growth hormone secretagogue",W2116202929,67208f356c5d77afd1359cf90a9fdb88bfe7e794,96,,OpenAlex+SemanticScholar
ipamorelin,Ipamorelin,2,"Ishida J, et al. Growth hormone secretagogues: history, mechanism of action, and clinical development. JCSM Rapid Commun. 2020.",10.1002/rco2.9,high,"Growth hormone secretagogues: history, mechanism of action, and clinical development",W2964709768,4deff6f203a71e716177afb6d035e4d0d8a2b35e,27,https://onlinelibrary.wiley.com/doi/pdfdirect/10.1002/rco2.9,OpenAlex+SemanticScholar
kojic-acid,Kojic Acid,0,"Deo KS, Dash KN, Sharma YK, Virmani NC, Oberai C. Kojic Acid vis-a-vis its Combinations with Hydroquinone and Betamethasone Valerate in Melasma: A Randomized, Single Blind, Comparative Study of Efficacy and Safety. Indian J Dermatol. 2013;58(4):281-285.",10.4103/0019-5154.113940,high,"Kojic Acid vis-a-vis its Combinations with Hydroquinone and Betamethasone Valerate in Melasma: A Randomized, Single Blind, Comparative Study of Efficacy and Safety",W2080142628,13c034a4d578e8334527f8ddef00bdc5a261b8e4,68,https://doi.org/10.4103/0019-5154.113940,OpenAlex+SemanticScholar
kojic-acid,Kojic Acid,2,"Saeedi M, Eslamifar M, Khezri K, et al. Review on the Use of Kojic Acid — A Skin-Lightening Ingredient. Cosmetics. 2022;9(3):64.",10.3390/cosmetics9030064,high,Review on the Use of Kojic Acid—A Skin-Lightening Ingredient,W4282983733,25b5f7b1e196012e766e5ffd0bf4a07e0bdba393,114,https://www.mdpi.com/2079-9284/9/3/64/pdf?version=1655288874,OpenAlex+SemanticScholar
kojic-acid,Kojic Acid,3,"Nakagawa M, Kawai K, Kawai K. Contact allergy to kojic acid in skin care products. Contact Dermatitis. 1995;32(1):9-13.",10.1111/j.1600-0536.1995.tb00832.x,high,Contact allergy to kojic acid in skin care products,W2047944792,45bf395726586742b81cbc4801697aa0f4f7a586,185,,OpenAlex+SemanticScholar
larazotide,"Larazotide (AT-1001, Larazotide Acetate)",0,"Slifer ZM, Krishnan BR, Madan J, Blikslager AT. Larazotide acetate: a pharmacological peptide approach to tight junction regulation. Am J Physiol Gastrointest Liver Physiol. 2021 (mechanism; zonulin/MLCK).",10.1152/ajpgi.00386.2020,high,Larazotide acetate: a pharmacological peptide approach to tight junction regulation,W3153467516,,44,https://www.ncbi.nlm.nih.gov/pmc/articles/11735010,OpenAlex
larazotide,"Larazotide (AT-1001, Larazotide Acetate)",3,"Fasano A, et al. Zonulin, a newly discovered modulator of intestinal permeability, and its expression in coeliac disease. Lancet. 2000 (the zonulin concept). Porcine ischemia tight-junction repair (2021). (No FDA approval as of 2026; celiac program halted.)",10.1016/s0140-6736(00)02169-3,high,"Zonulin, a newly discovered modulator of intestinal permeability, and its expression in coeliac disease",W2112724457,07ccfd42c56b098f5917354f68794d6c11d31cbd,674,,OpenAlex+SemanticScholar
ll-37,LL-37 (Cathelicidin),1,"Lande R, et al. Cationic antimicrobial peptides in psoriatic skin cooperate to break innate tolerance to self-DNA. (LL-37 + self-DNA → TLR9/pDC); LL-37 as psoriasis T-cell autoantigen.",10.1002/eji.201344277,high,Cationic antimicrobial peptides in psoriatic skin cooperate to break innate tolerance to self‐DNA,W1527143867,,150,,OpenAlex
matrixyl,Matrixyl (Palmitoyl Pentapeptide-4),0,"Robinson LR, Fitzgerald NC, Doughty DG, et al. Topical palmitoyl pentapeptide provides improvement in photoaged human facial skin. Int J Cosmet Sci. 2005. (anchor RCT, n=93)",10.1111/j.1467-2494.2005.00261.x,high,Topical palmitoyl pentapeptide provides improvement in photoaged human facial skin<sup>1</sup>,W2028947341,ee234bc3ab3482b7aaa2219f9c01044ec471e5b1,204,,OpenAlex+SemanticScholar
matrixyl,Matrixyl (Palmitoyl Pentapeptide-4),1,"Lintner K, Peschard O. Biologically active peptides: from a laboratory bench curiosity to a functional skin care product. Int J Cosmet Sci. 2000. (Sederma origin)",10.1046/j.1467-2494.2000.00010.x,high,Biologically active peptides: from a laboratory bench curiosity to a functional skin care product,W2106447897,fb8b3a1dfa33738485b6f119d8fd18b00cd17361,104,,OpenAlex+SemanticScholar
melanotan-ii,Melanotan II,2,Hadley ME. Discovery that a melanocortin regulates sexual functions in male and female humans. Peptides. 2005.,10.1016/j.peptides.2005.01.023,high,Discovery that a melanocortin regulates sexual functions in male and female humans,W1974900862,,78,,OpenAlex
mots-c,MOTS-c,0,"Lee C, Zeng J, Drew BG, … Cohen P. The mitochondrial-derived peptide MOTS-c promotes metabolic homeostasis and reduces obesity and insulin resistance. Cell Metab. 2015. (discovery paper)",10.1016/j.cmet.2015.02.009,high,The Mitochondrial-Derived Peptide MOTS-c Promotes Metabolic Homeostasis and Reduces Obesity and Insulin Resistance,W2160343816,b2d7b09f56b0ae74a9aafa979412b10057070697,727,http://www.cell.com/article/S1550413115000613/pdf,OpenAlex+SemanticScholar
naringenin,Naringenin,0,"Martinez RM, et al. Topical Formulation Containing Naringenin: Efficacy against Ultraviolet B Irradiation-Induced Skin Inflammation and Oxidative Stress in Mice. PLOS ONE. 2016.",10.1371/journal.pone.0146296,high,Topical Formulation Containing Naringenin: Efficacy against Ultraviolet B Irradiation-Induced Skin Inflammation and Oxidative Stress in Mice,W2226523317,4a7481e0b1b696a75766729f582de8bf63566533,93,https://journals.plos.org/plosone/article/file?id=10.1371/journal.pone.0146296&type=printable,OpenAlex+SemanticScholar
naringenin,Naringenin,2,"Kim HK, et al. Inhibitory effect of naringenin on LPS-induced skin senescence by SIRT1 regulation in HDFs. Biomedical Dermatology. 2018.",10.1186/s41702-018-0035-6,high,Inhibitory effect of naringenin on LPS-induced skin senescence by SIRT1 regulation in HDFs,W2899064164,,17,https://biomeddermatol.biomedcentral.com/track/pdf/10.1186/s41702-018-0035-6,OpenAlex
naringenin,Naringenin,3,"Martinez RM, et al. Protective Effects of Naringenin against UVB Irradiation and Air Pollution-Induced Skin Aging and Pigmentation. Cosmetics MDPI. 2023; 10(3):88.",10.3390/cosmetics10030088,high,Protective Effects of Naringenin against UVB Irradiation and Air Pollution-Induced Skin Aging and Pigmentation,W4380047850,6ae4e9a59a79a0b0957db18a037400b93fd95ba8,8,https://www.mdpi.com/2079-9284/10/3/88/pdf?version=1686140045,OpenAlex+SemanticScholar
niacinamide,Niacinamide (Vitamin B3),0,"Hakozaki T, et al. The effect of niacinamide on reducing cutaneous pigmentation and suppression of melanosome transfer. Br J Dermatol. 2002; 147(1):20-31.",10.1046/j.1365-2133.2002.04834.x,high,The effect of niacinamide on reducing cutaneous pigmentation and suppression of melanosome transfer,W2095289520,43979f5f0feed68a21cba620c7a8e23573ba330d,469,,OpenAlex+SemanticScholar
niacinamide,Niacinamide (Vitamin B3),1,"Bissett DL, et al. Topical niacinamide reduces yellowing, wrinkling, red blotchiness, and hyperpigmented spots in aging facial skin. Int J Cosmet Sci. 2004; 26(5):231-8.",10.1111/j.1467-2494.2004.00228.x,high,"Topical niacinamide reduces yellowing, wrinkling, red blotchiness, and hyperpigmented spots in aging facial skin<sup>1</sup>",W2164721645,,188,,OpenAlex
niacinamide,Niacinamide (Vitamin B3),3,"Marques C, et al. Mechanistic Basis and Clinical Evidence for the Applications of Nicotinamide (Niacinamide) to Control Skin Aging and Pigmentation. Antioxidants (Basel). 2021; PMC8389214.",10.3390/antiox10081315,high,Mechanistic Basis and Clinical Evidence for the Applications of Nicotinamide (Niacinamide) to Control Skin Aging and Pigmentation,W3195935676,,188,https://www.mdpi.com/2076-3921/10/8/1315/pdf?version=1629781609,OpenAlex
niacinamide,Niacinamide (Vitamin B3),5,Topical Niacinamide in Daily Skincare: A 3-Week Real-World Cosmetic Study. Appl Sci. 2025; 15(17):9729.,10.3390/app15179729,high,Topical Niacinamide in Daily Skincare: A 3-Week Real-World Cosmetic Study,W4414020920,0c77b94259481dbb2315b43ec0dab85c24d863b1,3,https://www.mdpi.com/2076-3417/15/17/9729/pdf?version=1756984010,OpenAlex+SemanticScholar
noopept,Noopept (Omberacetam),1,"Ostrovskaya RU, et al. Noopept stimulates NGF and BDNF expression in rat hippocampus. Bull Exp Biol Med. 2008; (neuroprotection in an AD cellular model — apoptosis/tau). J Biomed Sci. 2014.",10.1007/s10517-008-0297-x,high,Noopept stimulates the expression of NGF and BDNF in rat hippocampus,W2007942558,,25,,OpenAlex
pramlintide,Pramlintide (Symlin),1,"Cooper GJS, et al. Purification and characterization of a peptide from amyloid-rich pancreas of type-2 diabetics (amylin). PNAS. 1987 (discovery).",10.1073/pnas.84.23.8628,high,Purification and characterization of a peptide from amyloid-rich pancreases of type 2 diabetic patients.,W2067820229,,1301,https://www.ncbi.nlm.nih.gov/pmc/articles/299599,OpenAlex
pramlintide,Pramlintide (Symlin),4,"Long-acting amylin-related peptides for obesity and T2D. (2026 review) — pramlintide as the first AMYR agonist, second-generation successors.",10.1016/j.peptides.2026.171480,high,Long-acting amylin-related peptides as therapies for obesity and type 2 diabetes,W7131280588,,3,https://doi.org/10.1016/j.peptides.2026.171480,OpenAlex
pt-141,PT-141 (Bremelanotide),0,Hadley ME. Discovery that a melanocortin regulates sexual functions in male and female humans. Peptides. 2005.,10.1016/j.peptides.2005.01.023,high,Discovery that a melanocortin regulates sexual functions in male and female humans,W1974900862,,78,,OpenAlex
rapamycin,Rapamycin (Sirolimus),0,"Harrison DE, et al. Rapamycin fed late in life extends lifespan in genetically heterogeneous mice. Nature 2009 (NIA ITP; 3-lab replication; late-life start; the field-defining result).",10.1038/nature08221,high,Rapamycin fed late in life extends lifespan in genetically heterogeneous mice,W2048376025,,3779,https://www.ncbi.nlm.nih.gov/pmc/articles/2786175,OpenAlex
rapamycin,Rapamycin (Sirolimus),3,"Roark KM, Iffland PH. Rapamycin for longevity: pros, cons, future perspectives. Front Aging 2025; PEARL RCT (weekly dosing safety; longevity endpoints not met). (Approved immunosuppressant; longevity use off-label and unproven in humans as of 2026.)",10.3389/fragi.2025.1628187,high,"Rapamycin for longevity: the pros, the cons, and future perspectives",W4411500878,0bdc405520609355c5d43046a459abd235f8278e,25,https://www.frontiersin.org/journals/aging/articles/10.3389/fragi.2025.1628187/pdf,OpenAlex+SemanticScholar
retinol,Retinol (Vitamin A),0,"Kligman AM, Grove GL, Hirose R, Leyden JJ. Topical tretinoin for photoaged skin. J Am Acad Dermatol. 1986; 15(4 Pt 2):836-59.",10.1016/s0190-9622(86)70242-9,high,Topical tretinoin for photoaged skin,W2072152713,e50080acdb586e1b3e76d0486b0b6732ed0ff70e,633,,OpenAlex+SemanticScholar
retinol,Retinol (Vitamin A),3,"Kikuchi K, Suetake T, Kumasaka N, Tagami H. Improvement of photoaged facial skin in middle-aged Japanese females by topical retinol (vitamin A alcohol): a vehicle-controlled, double-blind study. J Dermatolog Treat. 2009; 20(5):276-81.",10.1080/09546630902973987,high,"Improvement of photoaged facial skin in middle-aged Japanese females by topical retinol (vitamin A alcohol): A vehicle-controlled, double-blind study",W2002964676,,26,,OpenAlex
retinol,Retinol (Vitamin A),4,"Draelos ZD, et al. A Double-Blind, Comparative Clinical Study of Newly Formulated Retinol Serums vs Tretinoin Cream in Escalating Doses. J Drugs Dermatol. 2020; 19(6):625-31. doi:10.36849/JDD.2020.5085.",10.36849/jdd.2020.5085,high,"A Double-Blind, Comparative Clinical Study of Newly Formulated Retinol Serums vs Tretinoin Cream in Escalating Doses: A Method for Rapid Retinization With Minimized Irritation",W4249255329,babf6f89fd69a3c99adafcee5e25cb6fee7b112b,12,,OpenAlex+SemanticScholar
retinol,Retinol (Vitamin A),5,"Zasada M, Budzisz E, Erkiert-Polguj A. A Clinical Anti-Ageing Comparative Study of 0.3 and 0.5% Retinol Serums. Skin Pharmacol Physiol. 2020; 33(2):102-116.",10.1159/000508168,high,A Clinical Anti-Ageing Comparative Study of 0.3 and 0.5% Retinol Serums: A Clinically Controlled Trial,W3026368686,f4e03b5ee14d69b9c595174b88f65b927eb38851,19,,OpenAlex+SemanticScholar
retinol,Retinol (Vitamin A),6,"Motamedi M, Chehade A, Sanghera R, Grewal P. A Clinician's Guide to Topical Retinoids. J Cutan Med Surg. 2022; 26(1):71-78. doi:10.1177/12034754211035091.",10.1177/12034754211035091,high,A Clinician’s Guide to Topical Retinoids,W3183646587,,68,https://doi.org/10.1177/12034754211035091,OpenAlex
retinol,Retinol (Vitamin A),7,"Siddiqui MA, Ali Z, Bilal M, et al. Comparative efficacy of topical interventions for facial photoaging: a network meta-analysis. Sci Rep. 2025 (23 RCTs, n=3,905).",10.1038/s41598-025-12597-0,high,Comparative efficacy of topical interventions for facial photoaging: a network meta-analysis,W4412643973,19a06bc662bd29f11c0e1b8bf698facd0b7e458b,4,https://www.nature.com/articles/s41598-025-12597-0.pdf,OpenAlex+SemanticScholar
retinol,Retinol (Vitamin A),8,"Xie Y, et al. Tretinoin for Photodamaged Facial Skin: Systematic Review and Meta-Analysis of Randomized Controlled Trials. Dermatol Pract Concept. 2025 (8 RCTs, n=1,361; comparator context for retinol).",10.5826/dpc.1504a5172,high,Tretinoin for Photodamaged Facial Skin: Systematic Review and Meta-Analysis of Randomized Controlled Trials,W4415737816,,3,https://dpcj.org/index.php/dpc/article/download/5172/3278,OpenAlex
retinol,Retinol (Vitamin A),9,"Scientific Committee on Consumer Safety (SCCS). Opinion on the safety of Vitamin A (retinol, retinyl acetate, retinyl palmitate) in cosmetic products. SCCS/1639/21. European Commission.",10.1016/j.yrtph.2016.11.017,high,"Opinion of the Scientific Committee on Consumer Safety (SCCS) – Final version of the Opinion on Vitamin A (retinol, retinyl acetate and retinyl palmitate) in cosmetic products",W2552021141,d345d4a032a383efd39ca58df62594a4d633ea3a,33,,OpenAlex+SemanticScholar
slu-pp-332,"SLU-PP-332 (ERR agonist / ""exercise mimetic"")",0,"Billon C, et al. Synthetic ERRα/β/γ agonist induces an ERRα-dependent acute aerobic exercise response and enhances exercise capacity. ACS Chem Biol. (the discovery/mechanism).",10.1021/acschembio.2c00720,high,Synthetic ERRα/β/γ Agonist Induces an ERRα-Dependent Acute Aerobic Exercise Response and Enhances Exercise Capacity,W4361282845,,43,https://pmc.ncbi.nlm.nih.gov/articles/PMC11584170/pdf/nihms-2031709.pdf,OpenAlex
slu-pp-915,SLU-PP-915,0,"Billon C, Appourchaux K, Côté I, Burris TP. An orally active estrogen receptor–related receptor agonist, SLU-PP-915, enhances aerobic exercise capacity. J Pharmacol Exp Ther. 2026;393(1):103787 (the defining paper: oral activity, distinct scaffold, comparable efficacy at lower dose, Ddit4).",10.1016/j.jpet.2025.103787,high,"An orally active estrogen receptor–related receptor agonist, SLU-PP-915, enhances aerobic exercise capacity",W4416867224,12dc3f6453c3572c8b3f3b8d54293a1a1d9f3a97,1,,OpenAlex+SemanticScholar
slu-pp-915,SLU-PP-915,1,"Billon C, et al. A synthetic ERR agonist alleviates metabolic syndrome. J Pharmacol Exp Ther. 2024 (class metabolic effects).",10.1124/jpet.123.001733,high,A Synthetic ERR Agonist Alleviates Metabolic Syndrome,W4386948577,e190ee19834c1d06616f0d5a1d8f8d12e7e55f8c,30,https://jpet.aspetjournals.org/content/jpet/early/2023/09/22/jpet.123.001733.full.pdf,OpenAlex+SemanticScholar
squalane,Squalane,0,"Kim SK, Karadeniz F. Biological importance and applications of squalene and squalane. Adv Food Nutr Res. 2012; 65:223-33.",10.1016/b978-0-12-416003-3.00014-7,high,Biological Importance and Applications of Squalene and Squalane,W177133533,57f7a4675f28f87da0eff41dc108337585e3b9bc,331,,OpenAlex+SemanticScholar
squalane,Squalane,1,"Sethi A, Kaur T, Malhotra SK, Gambhir ML. Moisturizers: The Slippery Road. Indian J Dermatol. 2016; 61(3):279-87.",10.4103/0019-5154.182427,high,Moisturizers: The slippery road,W2386662888,,139,https://doi.org/10.4103/0019-5154.182427,OpenAlex
squalane,Squalane,2,Pappas A. Epidermal surface lipids. Dermatoendocrinol. 2009; 1(2):72-76 (sebum squalene context).,10.4161/derm.1.2.7811,high,Epidermal surface lipids,W2128085440,2caad57f2d50fbed9a3ce36593eeb4a0e744e0bd,327,https://www.tandfonline.com/doi/pdf/10.4161/derm.1.2.7811?needAccess=true,OpenAlex+SemanticScholar
squalane,Squalane,3,"Huang ZR, Lin YK, Fang JY. Biological and pharmacological activities of squalene and related compounds: potential uses in cosmetic dermatology. Molecules. 2009; 14(1):540-54.",10.3390/molecules14010540,high,Biological and Pharmacological Activities of Squalene and Related Compounds: Potential Uses in Cosmetic Dermatology,W2112323509,,489,https://www.mdpi.com/1420-3049/14/1/540/pdf?version=1403112539,OpenAlex
ss-31,SS-31 (Elamipretide),3,"Siegel MP, et al. Mitochondrial-targeted peptide rapidly improves mitochondrial energetics and skeletal-muscle performance in aged mice. Aging Cell. 2013; Campbell MD, et al. Free Radic Biol Med. 2019.",10.1111/acel.12102,high,Mitochondrial-targeted peptide rapidly improves mitochondrial energetics and skeletal muscle performance in aged mice,W2132098985,a64fdb3df1fb2e5c6e2e720532a1957d5a27f4a7,190,https://onlinelibrary.wiley.com/doi/pdfdirect/10.1111/acel.12102,OpenAlex+SemanticScholar
ss-31,SS-31 (Elamipretide),4,Elamipretide mechanistic review — first cardiolipin-directed mitochondrial therapeutic approved under accelerated approval. Drug Discov Ther. 2026.,10.5582/ddt.2025.01111,high,Elamipretide: The first cardiolipin-directed mitochondrial therapeutic for Barth syndrome approved under accelerated approval,W4416373759,9f8c09734022c716148d8a426b6f64622da644a4,2,https://www.jstage.jst.go.jp/article/ddt/advpub/0/advpub_2025.01111/_pdf,OpenAlex+SemanticScholar
survodutide,Survodutide (BI 456906),2,"Sanyal AJ, et al. A Phase 2 randomized trial of survodutide in MASH and fibrosis. N Engl J Med. 2024;391:311–319.",10.1056/nejmoa2401755,high,A Phase 2 Randomized Trial of Survodutide in MASH and Fibrosis,W4399439504,,436,,OpenAlex
syn-ake,Syn-Ake (Dipeptide Diaminobutyroyl Benzylamide Diacetate),0,"McArdle JJ, Lentz TL, Witzemann V, et al. Waglerin-1 selectively blocks the epsilon form of the muscle nicotinic acetylcholine receptor. J Pharmacol Exp Ther. 1999 (the toxin pharmacology behind it).",10.1016/s0022-3565(24)38167-4,high,Waglerin-1 Selectively Blocks the Epsilon Form of the Muscle Nicotinic Acetylcholine Receptor,W2113915885,,70,,OpenAlex
syn-ake,Syn-Ake (Dipeptide Diaminobutyroyl Benzylamide Diacetate),2,"Debono J, et al. Viper venom botox: the molecular origin and evolution of the waglerin peptides used in anti-wrinkle skin cream. J Mol Evol (biomimetic origin).",10.1007/s00239-016-9764-6,high,Viper Venom Botox: The Molecular Origin and Evolution of the Waglerin Peptides Used in Anti-Wrinkle Skin Cream,W2555020128,,25,,OpenAlex
tb-500,TB-500 (Thymosin Beta-4 fragment),0,"Goldstein AL, Hannappel E, Kleinman HK. Thymosin β4: actin-sequestering protein moonlights to repair injured tissues. (Tβ4 biology review.)",10.1016/j.molmed.2005.07.004,high,Thymosin β: actin-sequestering protein moonlights to repair injured tissues,W2078624058,,250,,OpenAlex
tb-500,TB-500 (Thymosin Beta-4 fragment),3,Thymosin Beta-4 and TB-500 in tissue healing and musculoskeletal repair: a scoping review. Appl Sci. 2026.,10.20944/preprints202605.1124.v1,high,"Thymosin Beta-4 and TB-500 in Tissue Healing, Regeneration, and Musculoskeletal Repair: A Scoping Review",W7161588064,,0,https://doi.org/10.20944/preprints202605.1124.v1,OpenAlex
tesofensine,Tesofensine,0,"Astrup A, et al. Effect of tesofensine on bodyweight loss, body composition, and quality of life in obese patients: a randomised, double-blind, placebo-controlled trial. Lancet 2008;372:1906-1913 (Phase 2; ~2× era's drugs; HR +~7 bpm).",10.1016/s0140-6736(08)61525-1,high,"Effect of tesofensine on bodyweight loss, body composition, and quality of life in obese patients: a randomised, double-blind, placebo-controlled trial",W2147992450,abaad05d5a34557dc5579561f0d820f9e7f665ea,194,,OpenAlex+SemanticScholar
tesofensine,Tesofensine,2,"Sjödin A, et al. The effect of the triple monoamine reuptake inhibitor tesofensine on energy metabolism and appetite… Int J Obes 2010 (↑energy expenditure + ↓appetite; mechanism ""unresolved"").",10.1038/ijo.2010.87,high,The effect of the triple monoamine reuptake inhibitor tesofensine on energy metabolism and appetite in overweight and moderately obese men,W2067530057,ccb281873fba5c2a16c7ae03e9fadf0c49dd169a,48,,OpenAlex+SemanticScholar
thymalin,Thymalin,0,"Morozov VG, Khavinson VKh — original Thymalin development (1981-1982); Natural and synthetic thymic peptides as therapeutics for immune dysfunction (Int J Immunopharmacol, 1998).",10.1016/s0192-0561(97)00058-1,high,Natural and synthetic thymic peptides as therapeutics for immune dysfunction,W1989135119,,59,,OpenAlex
thymalin,Thymalin,2,"The Use of Thymalin for Immunocorrection and Molecular Aspects of Biological Activity (Biol Bull Rev, 2021) — KE/EW/EDP short peptides, gene-expression mechanism.",10.1134/s2079086421040046,high,The Use of Thymalin for Immunocorrection and Molecular Aspects of Biological Activity,W3193418921,de70933308b1d255e5c609a2648282ce5ac1dbfb,1,https://link.springer.com/content/pdf/10.1134/S2079086421040046.pdf,OpenAlex+SemanticScholar
thymalin,Thymalin,3,Peptide Drug Thymalin Regulates Immune Status in Severe COVID-19 Older Patients (2021).,10.1134/s2079057021040068,high,Peptide Drug Thymalin Regulates Immune Status in Severe COVID-19 Older Patients,W4200305189,760f044ecb19c74c4b6906ec499121fecd6591fa,2,https://link.springer.com/content/pdf/10.1134/S2079057021040068.pdf,OpenAlex+SemanticScholar
tranexamic-acid,Tranexamic Acid,0,"Zhang L, Tan W-Q, Fang Q-Q, et al. Tranexamic Acid for Adults with Melasma: A Systematic Review and Meta-Analysis. BioMed Research International. 2018;2018:1683414.",10.1155/2018/1683414,high,Tranexamic Acid for Adults with Melasma: A Systematic Review and Meta-Analysis,W2900333555,bbcebe3805ab605ff201ae5d2bcb2bdcd8fae273,73,https://downloads.hindawi.com/journals/bmri/2018/1683414.pdf,OpenAlex+SemanticScholar
tranexamic-acid,Tranexamic Acid,1,"Kim SJ, Park JY, Shibata T, Fujiwara R, Kang HY. Efficacy and possible mechanisms of topical tranexamic acid in melasma. Clin Exp Dermatol. 2016;41:480-485.",10.1111/ced.12835,high,Efficacy and possible mechanisms of topical tranexamic acid in melasma,W2346719544,,129,,OpenAlex
tranexamic-acid,Tranexamic Acid,2,Maeda K. Mechanism of Action of Topical Tranexamic Acid in the Treatment of Melasma and Sun-Induced Skin Hyperpigmentation. Cosmetics. 2022;9:108.,10.3390/cosmetics9050108,high,Mechanism of Action of Topical Tranexamic Acid in the Treatment of Melasma and Sun-Induced Skin Hyperpigmentation,W4306836265,69f467239778f2d023a96583fd24e52a25e41e81,33,https://www.mdpi.com/2079-9284/9/5/108/pdf?version=1666176234,OpenAlex+SemanticScholar
tranexamic-acid,Tranexamic Acid,3,"Forbat E, Al-Niaimi F, Ali FR. The emerging importance of tranexamic acid in dermatology. Clin Exp Dermatol. 2019;45:445-449.",10.1111/ced.14115,high,The emerging importance of tranexamic acid in dermatology,W2982548209,09f382ab1703e29185d2461893e51ad2da655c95,44,https://onlinelibrary.wiley.com/doi/pdfdirect/10.1111/ced.14115,OpenAlex+SemanticScholar
vip,VIP (Vasoactive Intestinal Peptide),0,"Hamnett R, et al. Vasoactive intestinal peptide controls the suprachiasmatic circadian clock network via ERK1/2 and DUSP4. Nat Commun. 2019 (circadian master-clock role).",10.1038/s41467-019-08427-3,high,Vasoactive intestinal peptide controls the suprachiasmatic circadian clock network via ERK1/2 and DUSP4 signalling,W2913418165,0334da679e15f9d3dbad71448c080f56abc20660,65,https://www.nature.com/articles/s41467-019-08427-3.pdf,OpenAlex+SemanticScholar
vip,VIP (Vasoactive Intestinal Peptide),1,"Smalley SG, Barrow PA, Foster N. Immunomodulation of innate immune responses by VIP: therapeutic potential in inflammatory disease. Clin Exp Immunol. 2009 (PMID 19604262).",10.1111/j.1365-2249.2009.03956.x,high,Immunomodulation of innate immune responses by vasoactive intestinal peptide (VIP): its therapeutic potential in inflammatory disease,W1998493815,aa5150da1284cbb5e0a8c06f4f3ef700d77d035c,69,https://www.ncbi.nlm.nih.gov/pmc/articles/2730848,OpenAlex+SemanticScholar
vip,VIP (Vasoactive Intestinal Peptide),2,"Shoemaker RC, et al. VIP corrects chronic inflammatory response syndrome (CIRS) acquired following exposure to water-damaged buildings. Health. 2013 (open-label, 20 patients) — the primary CIRS reference; plus RNA-Seq (Med Res Arch 2016) and grey-matter-volume (Internal Medicine Review 2017). ⚠ Predominantly single-investigator, open-label, unreplicated.",10.4236/health.2013.53053,high,Vasoactive intestinal polypeptide (VIP) corrects chronic inflammatory response syndrome (CIRS) acquired following exposure to water-damaged buildings,W2109723822,,15,http://www.scirp.org/journal/PaperDownload.aspx?paperID=28586,OpenAlex
vitamin-c,Vitamin C (L-Ascorbic Acid),0,"Humbert PG, Haftek M, Creidi P, et al. Topical ascorbic acid on photoaged skin. Clinical, topographical and ultrastructural evaluation: double-blind study vs. placebo. Exp Dermatol. 2003; 12(3):237-244.",10.1034/j.1600-0625.2003.00008.x,high,"Topical ascorbic acid on photoaged skin. Clinical, topographical and ultrastructural evaluation: double‐blind study vs. placebo",W2112185934,2866a21b9555b5c3ac596bd98f36559e8ef35ed7,249,https://orbi.uliege.be/handle/2268/39190,OpenAlex+SemanticScholar
vitamin-c,Vitamin C (L-Ascorbic Acid),1,Traikovich SS. Use of topical ascorbic acid and its effects on photodamaged skin topography. Arch Otolaryngol Head Neck Surg. 1999; 125(10):1091-1098.,10.1001/archotol.125.10.1091,high,Use of Topical Ascorbic Acid and Its Effects on Photodamaged Skin Topography,W2108240530,a0170c09ce97a83ce96bd683d53ec4c741d5fe99,166,https://jamanetwork.com/journals/jamaotolaryngology/articlepdf/509859/ooa8437.pdf,OpenAlex+SemanticScholar
vitamin-c,Vitamin C (L-Ascorbic Acid),2,"Fitzpatrick RE, Rostan EF. Double-blind, half-face study comparing topical vitamin C and vehicle for rejuvenation of photodamage. Dermatol Surg. 2002; 28(3):231-236.",10.1046/j.1524-4725.2002.01129.x,high,"Double-Blind, Half-Face Study Comparing Topical Vitamin C and Vehicle for Rejuvenation of Photodamage",W2096804798,,131,,OpenAlex
vitamin-c,Vitamin C (L-Ascorbic Acid),4,"Correia G, Magina S. Efficacy of topical vitamin C in melasma and photoaging: A systematic review. J Cosmet Dermatol. 2023; 22(7):1938-1945. doi:10.1111/jocd.15748.",10.1111/jocd.15748,high,Efficacy of topical vitamin C in melasma and photoaging: A systematic review,W4367669234,f82ae0f88530ebd045f027bbb6a760b2f5129eb5,46,https://onlinelibrary.wiley.com/doi/pdfdirect/10.1111/jocd.15748,OpenAlex+SemanticScholar
vitamin-c,Vitamin C (L-Ascorbic Acid),6,"Systematic review of Vitamin C derivatives: Topical Vitamin C and Its Derivatives in Cosmetic Science: Stability, Efficacy, and Formulation Strategies. J Skin Sci Cosmetol. 2025.",10.5812/jssc-163798,high,"Topical Vitamin C and Its Derivatives in Cosmetic Science: Stability, Efficacy, and Formulation Strategies",W7118565526,,0,https://brieflands.com/journals/jssc/articles/163798.pdf,OpenAlex
vitamin-c,Vitamin C (L-Ascorbic Acid),7,"Ismail T, Elsayed I, et al. Magnesium ascorbyl phosphate vesicular carriers for topical delivery; preparation, in-vitro and ex-vivo evaluation, factorial optimization and clinical assessment in melasma patients. Int J Nanomedicine. 2022 (PMC9040897).",10.1080/10717544.2022.2036872,high,"Magnesium ascorbyl phosphate vesicular carriers for topical delivery; preparation, in-vitro and ex-vivo evaluation, factorial optimization and clinical assessment in melasma patients",W4212912282,,32,https://www.tandfonline.com/doi/pdf/10.1080/10717544.2022.2036872?needAccess=true,OpenAlex
vitamin-c,Vitamin C (L-Ascorbic Acid),8,"Reilly DM, Lozano J. Skin collagen through the lifestages: importance for skin health and beauty (l-ascorbic acid as collagen cofactor review). Plast Aesthet Res. 2021.",10.20517/2347-9264.2020.153,high,Skin collagen through the lifestages: importance for skin health and beauty,W3119819287,8484e700f8e84dd0ad0ccdd08f633cdbed8e4efb,236,https://parjournal.net/article/download/3863,OpenAlex+SemanticScholar
