slug,name,compound_class,cas,pubchem_cid,inchikey,inchi,smiles,unii,chembl_id,drugbank_id,identifier_source,identifier_confidence,entity_note
5-amino-1mq,5-Amino-1MQ (NNMT inhibitor),small_molecule,,,,,,,,,unresolved,none,
adipotide,Adipotide (FTPP / Prohibitin-TP01),peptide,,163360068,GZESIPHLGJDZRG-VCWDIOOSSA-N,"InChI=1S/C111H206N36O28S2/c1-60(2)49-79(142-99(163)71(32-15-23-41-113)133-87(150)56-125-86(149)55-127-97(161)84(59-177)147-109(173)83(53-89(152)153)146-103(167)76(36-19-27-45-117)138-90(154)64(9)128-98(162)72(39-30-48-123-111(121)122)134-88(151)57-124-85(148)54-126-96(160)70(31-14-22-40-112)139-95(159)69(120)58-176)105(169)129-66(11)92(156)136-74(34-17-25-43-115)101(165)143-80(50-61(3)4)106(170)130-65(10)91(155)135-73(33-16-24-42-114)100(164)140-77(37-20-28-46-118)104(168)145-82(52-63(7)8)107(171)131-67(12)93(157)137-75(35-18-26-44-116)102(166)144-81(51-62(5)6)108(172)132-68(13)94(158)141-78(110(174)175)38-21-29-47-119/h60-84,176-177H,14-59,112-120H2,1-13H3,(H,124,148)(H,125,149)(H,126,160)(H,127,161)(H,128,162)(H,129,169)(H,130,170)(H,131,171)(H,132,172)(H,133,150)(H,134,151)(H,135,155)(H,136,156)(H,137,157)(H,138,154)(H,139,159)(H,140,164)(H,141,158)(H,142,163)(H,143,165)(H,144,166)(H,145,168)(H,146,167)(H,147,173)(H,152,153)(H,174,175)(H4,121,122,123)/t64-,65+,66+,67+,68+,69-,70-,71+,72-,73+,74+,75+,76-,77+,78+,79+,80+,81+,82+,83-,84-/m0/s1",C[C@@H](C(=O)N[C@@H](CCCCN)C(=O)N[C@@H](CC(=O)O)C(=O)N[C@@H](CS)C(=O)NCC(=O)NCC(=O)N[C@H](CCCCN)C(=O)N[C@H](CC(C)C)C(=O)N[C@H](C)C(=O)N[C@H](CCCCN)C(=O)N[C@H](CC(C)C)C(=O)N[C@H](C)C(=O)N[C@H](CCCCN)C(=O)N[C@H](CCCCN)C(=O)N[C@H](CC(C)C)C(=O)N[C@H](C)C(=O)N[C@H](CCCCN)C(=O)N[C@H](CC(C)C)C(=O)N[C@H](C)C(=O)N[C@H](CCCCN)C(=O)O)NC(=O)[C@H](CCCNC(=N)N)NC(=O)CNC(=O)CNC(=O)[C@H](CCCCN)NC(=O)[C@H](CS)N,,,,PubChem exact-name match (Adipotide),high,
afamelanotide,Afamelanotide (Scenesse / Melanotan-1),peptide,75921-69-6,16197727,UAHFGYDRQSXQEB-LEBBXHLNSA-N,"InChI=1S/C78H111N21O19/c1-5-6-19-52(91-75(116)61(41-101)97-72(113)57(34-46-24-26-49(103)27-25-46)94-74(115)60(40-100)88-44(4)102)68(109)92-54(28-29-64(105)106)70(111)96-59(36-48-38-83-42-87-48)73(114)93-56(33-45-16-8-7-9-17-45)71(112)90-53(22-14-31-84-78(81)82)69(110)95-58(35-47-37-85-51-20-11-10-18-50(47)51)67(108)86-39-63(104)89-55(21-12-13-30-79)77(118)99-32-15-23-62(99)76(117)98-65(43(2)3)66(80)107/h7-11,16-18,20,24-27,37-38,42-43,52-62,65,85,100-101,103H,5-6,12-15,19,21-23,28-36,39-41,79H2,1-4H3,(H2,80,107)(H,83,87)(H,86,108)(H,88,102)(H,89,104)(H,90,112)(H,91,116)(H,92,109)(H,93,114)(H,94,115)(H,95,110)(H,96,111)(H,97,113)(H,98,117)(H,105,106)(H4,81,82,84)/t52-,53-,54-,55-,56+,57-,58-,59-,60-,61-,62-,65-/m0/s1",CCCC[C@@H](C(=O)N[C@@H](CCC(=O)O)C(=O)N[C@@H](CC1=CN=CN1)C(=O)N[C@H](CC2=CC=CC=C2)C(=O)N[C@@H](CCCNC(=N)N)C(=O)N[C@@H](CC3=CNC4=CC=CC=C43)C(=O)NCC(=O)N[C@@H](CCCCN)C(=O)N5CCC[C@H]5C(=O)N[C@@H](C(C)C)C(=O)N)NC(=O)[C@H](CO)NC(=O)[C@H](CC6=CC=C(C=C6)O)NC(=O)[C@H](CO)NC(=O)C,,,DB04931,PubChem exact-name match (Afamelanotide),high,
ahk-cu,AHK-Cu (Copper Tripeptide-3),peptide,,168431292,DTNUNAICWDULHO-UVEFGIHYSA-L,"InChI=1S/C15H25N6O4.ClH.Cu/c1-9(17)13(22)21-12(6-10-7-18-8-19-10)14(23)20-11(15(24)25)4-2-3-5-16;;/h7-9,11-12,17H,2-6,16H2,1H3,(H4,18,19,20,21,22,23,24,25);1H;/q-1;;+2/p-2/t9-,11-,12-;;/m0../s1",C[C@@H](C(=O)[N-][C@@H](CC1=CNC=N1)C(=O)N[C@@H](CCCCN)C(=O)[O-])[NH-].Cl.[Cu+2],,,,PubChem exact-name match (AHK-Cu),high,
aicar,AICAR (Acadesine),small_molecule,3031-94-5,65110,NOTGFIUVDGNKRI-UUOKFMHZSA-N,"InChI=1S/C9H15N4O8P/c10-7-4(8(11)16)12-2-13(7)9-6(15)5(14)3(21-9)1-20-22(17,18)19/h2-3,5-6,9,14-15H,1,10H2,(H2,11,16)(H2,17,18,19)/t3-,5-,6-,9-/m1/s1",C1=NC(=C(N1[C@H]2[C@@H]([C@@H]([C@H](O2)COP(=O)(O)O)O)O)N)C(=O)N,F0X88YW0YK,CHEMBL483849,DB01700,PubChem exact-name match (AICAR),high,
alpha-arbutin,Alpha Arbutin,small_molecule,84380-01-8,158637,BJRNKVDFDLYUGJ-ZIQFBCGOSA-N,"InChI=1S/C12H16O7/c13-5-8-9(15)10(16)11(17)12(19-8)18-7-3-1-6(14)2-4-7/h1-4,8-17H,5H2/t8-,9-,10+,11-,12+/m1/s1",C1=CC(=CC=C1O)O[C@@H]2[C@@H]([C@H]([C@@H]([C@H](O2)CO)O)O)O,72VUP07IT5,CHEMBL226495,DB14109,PubChem exact-name match (Alpha Arbutin),high,
amycretin,Amycretin,peptide,,,,,,,,,unresolved,none,
aod-9604,AOD-9604 (hGH fragment 176-191 analog),peptide,221231-10-3,71300630,GVIYUKXRXPXMQM-BPXGDYAESA-N,"InChI=1S/C78H123N23O23S2/c1-9-41(8)62(101-68(115)47(18-14-28-86-78(83)84)91-69(116)50(29-38(2)3)95-63(110)45(79)30-43-19-21-44(104)22-20-43)75(122)100-61(40(6)7)74(121)94-49(23-25-56(80)105)67(114)98-55-37-126-125-36-54(65(112)88-32-57(106)89-51(76(123)124)31-42-15-11-10-12-16-42)97-70(117)52(34-102)90-58(107)33-87-64(111)48(24-26-59(108)109)93-73(120)60(39(4)5)99-71(118)53(35-103)96-66(113)46(92-72(55)119)17-13-27-85-77(81)82/h10-12,15-16,19-22,38-41,45-55,60-62,102-104H,9,13-14,17-18,23-37,79H2,1-8H3,(H2,80,105)(H,87,111)(H,88,112)(H,89,106)(H,90,107)(H,91,116)(H,92,119)(H,93,120)(H,94,121)(H,95,110)(H,96,113)(H,97,117)(H,98,114)(H,99,118)(H,100,122)(H,101,115)(H,108,109)(H,123,124)(H4,81,82,85)(H4,83,84,86)/t41-,45-,46-,47-,48-,49-,50-,51-,52-,53-,54-,55-,60-,61-,62-/m0/s1",CC[C@H](C)[C@@H](C(=O)N[C@@H](C(C)C)C(=O)N[C@@H](CCC(=O)N)C(=O)N[C@H]1CSSC[C@H](NC(=O)[C@@H](NC(=O)CNC(=O)[C@@H](NC(=O)[C@@H](NC(=O)[C@@H](NC(=O)[C@@H](NC1=O)CCCNC(=N)N)CO)C(C)C)CCC(=O)O)CO)C(=O)NCC(=O)N[C@@H](CC2=CC=CC=C2)C(=O)O)NC(=O)[C@H](CCCNC(=N)N)NC(=O)[C@H](CC(C)C)NC(=O)[C@H](CC3=CC=C(C=C3)O)N,,,,PubChem exact-name match (AOD-9604),high,
argireline,Argireline (Acetyl Hexapeptide-8),peptide,616204-22-9,71587772,AJLNZWYOJAWBCR-OOPVGHQCSA-N,"InChI=1S/C35H62N14O11S/c1-18(20(45-19(2)50)9-12-27(52)53)44-23(10-13-28(54)55)31(58)49-25(14-17-61-3)33(60)48-24(8-11-26(36)51)32(59)47-22(7-5-16-43-35(40)41)30(57)46-21(29(37)56)6-4-15-42-34(38)39/h20-25,44H,1,4-17H2,2-3H3,(H2,36,51)(H2,37,56)(H,45,50)(H,46,57)(H,47,59)(H,48,60)(H,49,58)(H,52,53)(H,54,55)(H4,38,39,42)(H4,40,41,43)/t20-,21-,22-,23-,24-,25-/m0/s1",CC(=O)N[C@@H](CCC(=O)O)C(=C)N[C@@H](CCC(=O)O)C(=O)N[C@@H](CCSC)C(=O)N[C@@H](CCC(=O)N)C(=O)N[C@@H](CCCN=C(N)N)C(=O)N[C@@H](CCCN=C(N)N)C(=O)N,,,DB11709,PubChem exact-name match (Argireline),high,
azelaic-acid,Azelaic Acid,small_molecule,123-99-9,2266,BDJRBEYXGGNYIS-UHFFFAOYSA-N,"InChI=1S/C9H16O4/c10-8(11)6-4-2-1-3-5-7-9(12)13/h1-7H2,(H,10,11)(H,12,13)",C(CCCC(=O)O)CCCC(=O)O,F2VW3D43YT,CHEMBL1238,DB00548,PubChem exact-name match (Azelaic Acid),high,
bakuchiol,Bakuchiol,small_molecule,10309-37-2,5468522,LFYJSSARVMHQJB-QIXNEVBVSA-N,"InChI=1S/C18H24O/c1-5-18(4,13-6-7-15(2)3)14-12-16-8-10-17(19)11-9-16/h5,7-12,14,19H,1,6,13H2,2-4H3/b14-12+/t18-/m1/s1",CC(=CCC[C@@](C)(C=C)/C=C/C1=CC=C(C=C1)O)C,OT12HJU3AR,CHEMBL262344,,PubChem exact-name match (Bakuchiol),high,
bimagrumab,Bimagrumab (BYM338),protein,,,,,,,,,not-a-single-entity,none,
bpc-157,BPC-157,peptide,137525-51-0,9941957,HEEWEZGQMLZMFE-RKGINYAYSA-N,"InChI=1S/C62H98N16O22/c1-31(2)25-37(55(92)74-50(32(3)4)62(99)100)71-46(81)29-65-51(88)33(5)67-53(90)38(26-48(84)85)73-54(91)39(27-49(86)87)72-52(89)34(6)68-57(94)41-15-10-21-75(41)58(95)35(13-7-8-20-63)70-45(80)30-66-56(93)40-14-9-22-76(40)60(97)43-17-12-24-78(43)61(98)42-16-11-23-77(42)59(96)36(18-19-47(82)83)69-44(79)28-64/h31-43,50H,7-30,63-64H2,1-6H3,(H,65,88)(H,66,93)(H,67,90)(H,68,94)(H,69,79)(H,70,80)(H,71,81)(H,72,89)(H,73,91)(H,74,92)(H,82,83)(H,84,85)(H,86,87)(H,99,100)/t33-,34-,35-,36-,37-,38-,39-,40-,41-,42-,43-,50-/m0/s1",C[C@@H](C(=O)N[C@@H](CC(=O)O)C(=O)N[C@@H](CC(=O)O)C(=O)N[C@@H](C)C(=O)NCC(=O)N[C@@H](CC(C)C)C(=O)N[C@@H](C(C)C)C(=O)O)NC(=O)[C@@H]1CCCN1C(=O)[C@H](CCCCN)NC(=O)CNC(=O)[C@@H]2CCCN2C(=O)[C@@H]3CCCN3C(=O)[C@@H]4CCCN4C(=O)[C@H](CCC(=O)O)NC(=O)CN,,CHEMBL4297358,DB11882,PubChem exact-name match (BPC-157),high,
cagrilintide,Cagrilintide,peptide,1415456-99-3,171397054,LDERDVMBIYGIOI-IZVMHKDJSA-N,"InChI=1S/C194H312N54O59S2/c1-19-100(10)151(184(298)233-128(78-98(6)7)189(303)248-75-49-60-137(248)190(304)247-74-48-59-136(247)182(296)243-155(107(17)255)187(301)232-127(86-143(201)262)173(287)238-150(99(8)9)183(297)210-88-146(265)218-129(90-249)176(290)230-126(85-142(200)261)175(289)244-156(108(18)256)191(305)246-73-46-57-134(246)157(202)271)239-181(295)135-58-47-72-245(135)147(266)89-211-161(275)120(79-109-50-36-34-37-51-109)225-171(285)123(82-139(197)258)228-172(286)124(83-140(198)259)229-177(291)130(91-250)235-178(292)131(92-251)234-170(284)122(81-111-87-207-95-212-111)227-164(278)114(56-45-71-209-194(205)206)221-168(282)119(77-97(4)5)224-169(283)121(80-110-52-38-35-39-53-110)226-166(280)116(65-68-149(269)270)219-158(272)101(11)213-167(281)118(76-96(2)3)223-163(277)113(55-44-70-208-193(203)204)220-165(279)115(63-66-138(196)257)222-186(300)153(105(15)253)240-159(273)102(12)214-179(293)132-93-308-309-94-133(180(294)231-125(84-141(199)260)174(288)242-152(104(14)252)185(299)215-103(13)160(274)241-154(106(16)254)188(302)237-132)236-162(276)112(54-42-43-69-195)216-145(264)67-64-117(192(306)307)217-144(263)61-40-32-30-28-26-24-22-20-21-23-25-27-29-31-33-41-62-148(267)268/h34-39,50-53,87,95-108,112-137,150-156,249-256H,19-33,40-49,54-86,88-94,195H2,1-18H3,(H2,196,257)(H2,197,258)(H2,198,259)(H2,199,260)(H2,200,261)(H2,201,262)(H2,202,271)(H,207,212)(H,210,297)(H,211,275)(H,213,281)(H,214,293)(H,215,299)(H,216,264)(H,217,263)(H,218,265)(H,219,272)(H,220,279)(H,221,282)(H,222,300)(H,223,277)(H,224,283)(H,225,285)(H,226,280)(H,227,278)(H,228,286)(H,229,291)(H,230,290)(H,231,294)(H,232,301)(H,233,298)(H,234,284)(H,235,292)(H,236,276)(H,237,302)(H,238,287)(H,239,295)(H,240,273)(H,241,274)(H,242,288)(H,243,296)(H,244,289)(H,267,268)(H,269,270)(H,306,307)(H4,203,204,208)(H4,205,206,209)/t100-,101+,102-,103-,104+,105+,106+,107-,108-,112-,113-,114-,115-,116-,117-,118+,119-,120-,121-,122-,123-,124-,125-,126+,127+,128+,129+,130-,131-,132-,133-,134+,135-,136+,137+,150+,151-,152-,153-,154-,155+,156+/m0/s1",CC[C@H](C)[C@@H](C(=O)N[C@H](CC(C)C)C(=O)N1CCC[C@@H]1C(=O)N2CCC[C@@H]2C(=O)N[C@H]([C@H](C)O)C(=O)N[C@H](CC(=O)N)C(=O)N[C@H](C(C)C)C(=O)NCC(=O)N[C@H](CO)C(=O)N[C@H](CC(=O)N)C(=O)N[C@H]([C@H](C)O)C(=O)N3CCC[C@@H]3C(=O)N)NC(=O)[C@@H]4CCCN4C(=O)CNC(=O)[C@H](CC5=CC=CC=C5)NC(=O)[C@H](CC(=O)N)NC(=O)[C@H](CC(=O)N)NC(=O)[C@H](CO)NC(=O)[C@H](CO)NC(=O)[C@H](CC6=CNC=N6)NC(=O)[C@H](CCCNC(=N)N)NC(=O)[C@H](CC(C)C)NC(=O)[C@H](CC7=CC=CC=C7)NC(=O)[C@H](CCC(=O)O)NC(=O)[C@@H](C)NC(=O)[C@@H](CC(C)C)NC(=O)[C@H](CCCNC(=N)N)NC(=O)[C@H](CCC(=O)N)NC(=O)[C@H]([C@@H](C)O)NC(=O)[C@H](C)NC(=O)[C@@H]8CSSC[C@@H](C(=O)N[C@H](C(=O)N[C@H](C(=O)N[C@H](C(=O)N[C@H](C(=O)N8)[C@@H](C)O)C)[C@@H](C)O)CC(=O)N)NC(=O)[C@H](CCCCN)NC(=O)CC[C@@H](C(=O)O)NC(=O)CCCCCCCCCCCCCCCCCCC(=O)O,,,,PubChem exact-name match (Cagrilintide),high,
ceramides,Ceramides,small_molecule,,,,,,,,,not-a-single-entity,none,
cerebrolysin,Cerebrolysin,peptide,,,,,,,,,not-a-single-entity,none,
cjc-1295,CJC-1295,peptide,446262-90-4,91971820,ZUQGTWKGESAQCD-ZGFIGYLBSA-N,"InChI=1S/C165H269N47O46/c1-22-87(15)130(209-137(233)92(20)185-148(244)116(76-127(225)226)196-136(232)89(17)183-138(234)99(168)73-95-44-48-97(217)49-45-95)160(256)204-115(74-94-36-25-24-26-37-94)154(250)211-132(93(21)216)162(258)195-108(54-57-123(171)221)145(241)205-120(80-215)158(254)200-114(75-96-46-50-98(218)51-47-96)153(249)192-105(43-35-66-182-165(177)178)141(237)191-102(40-28-31-62-167)146(242)208-129(86(13)14)159(255)202-109(68-81(3)4)147(243)184-90(18)135(231)189-106(52-55-121(169)219)143(239)198-112(71-84(9)10)151(247)206-118(78-213)156(252)186-91(19)134(230)188-103(41-33-64-180-163(173)174)140(236)190-101(39-27-30-61-166)142(238)197-111(70-83(7)8)150(246)199-110(69-82(5)6)149(245)194-107(53-56-122(170)220)144(240)201-117(77-128(227)228)155(251)210-131(88(16)23-2)161(257)203-113(72-85(11)12)152(248)207-119(79-214)157(253)193-104(42-34-65-181-164(175)176)139(235)187-100(133(172)229)38-29-32-63-179-124(222)60-67-212-125(223)58-59-126(212)224/h24-26,36-37,44-51,58-59,81-93,99-120,129-132,213-218H,22-23,27-35,38-43,52-57,60-80,166-168H2,1-21H3,(H2,169,219)(H2,170,220)(H2,171,221)(H2,172,229)(H,179,222)(H,183,234)(H,184,243)(H,185,244)(H,186,252)(H,187,235)(H,188,230)(H,189,231)(H,190,236)(H,191,237)(H,192,249)(H,193,253)(H,194,245)(H,195,258)(H,196,232)(H,197,238)(H,198,239)(H,199,246)(H,200,254)(H,201,240)(H,202,255)(H,203,257)(H,204,256)(H,205,241)(H,206,247)(H,207,248)(H,208,242)(H,209,233)(H,210,251)(H,211,250)(H,225,226)(H,227,228)(H4,173,174,180)(H4,175,176,181)(H4,177,178,182)/t87-,88-,89+,90-,91-,92-,93+,99-,100-,101-,102-,103-,104-,105-,106-,107-,108-,109-,110-,111-,112-,113-,114-,115-,116-,117-,118-,119-,120-,129-,130-,131-,132-/m0/s1",CC[C@H](C)[C@@H](C(=O)N[C@@H](CC1=CC=CC=C1)C(=O)N[C@@H]([C@@H](C)O)C(=O)N[C@@H](CCC(=O)N)C(=O)N[C@@H](CO)C(=O)N[C@@H](CC2=CC=C(C=C2)O)C(=O)N[C@@H](CCCNC(=N)N)C(=O)N[C@@H](CCCCN)C(=O)N[C@@H](C(C)C)C(=O)N[C@@H](CC(C)C)C(=O)N[C@@H](C)C(=O)N[C@@H](CCC(=O)N)C(=O)N[C@@H](CC(C)C)C(=O)N[C@@H](CO)C(=O)N[C@@H](C)C(=O)N[C@@H](CCCNC(=N)N)C(=O)N[C@@H](CCCCN)C(=O)N[C@@H](CC(C)C)C(=O)N[C@@H](CC(C)C)C(=O)N[C@@H](CCC(=O)N)C(=O)N[C@@H](CC(=O)O)C(=O)N[C@@H]([C@@H](C)CC)C(=O)N[C@@H](CC(C)C)C(=O)N[C@@H](CO)C(=O)N[C@@H](CCCNC(=N)N)C(=O)N[C@@H](CCCCNC(=O)CCN3C(=O)C=CC3=O)C(=O)N)NC(=O)[C@H](C)NC(=O)[C@H](CC(=O)O)NC(=O)[C@@H](C)NC(=O)[C@H](CC4=CC=C(C=C4)O)N,,,,PubChem exact-name match (CJC-1295),high,
cjc-1295-ipamorelin,"CJC-1295 + Ipamorelin (""CJC/Ipa"")",blend,,,,,,,,,not-a-single-entity,none,
dasatinib-quercetin,Dasatinib + Quercetin / Fisetin (Senolytics),blend,,,,,,,,,not-a-single-entity,none,
dihexa,Dihexa (PNB-0408),peptide,1401708-83-5,129010512,XEUVNVNAVKZSPT-JTJYXVOQSA-N,"InChI=1S/C27H44N4O5/c1-4-6-8-12-24(34)30-22(18-20-13-15-21(32)16-14-20)26(35)31-25(19(3)5-2)27(36)29-17-10-7-9-11-23(28)33/h13-16,19,22,25,32H,4-12,17-18H2,1-3H3,(H2,28,33)(H,29,36)(H,30,34)(H,31,35)/t19-,22-,25-/m0/s1",CCCCCC(=O)N[C@@H](CC1=CC=C(C=C1)O)C(=O)N[C@@H]([C@@H](C)CC)C(=O)NCCCCCC(=O)N,9WYX65A5C2,,,PubChem exact-name match (Dihexa),high,
dsip,DSIP (Delta Sleep-Inducing Peptide / Emideltide),peptide,62568-57-4,68816,ZRZROXNBKJAOKB-GFVHOAGBSA-N,"InChI=1S/C35H48N10O15/c1-16(41-32(56)20(36)9-18-11-37-21-6-4-3-5-19(18)21)30(54)39-12-25(47)38-13-26(48)44-23(10-29(52)53)34(58)42-17(2)31(55)45-24(15-46)33(57)40-14-27(49)43-22(35(59)60)7-8-28(50)51/h3-6,11,16-17,20,22-24,37,46H,7-10,12-15,36H2,1-2H3,(H,38,47)(H,39,54)(H,40,57)(H,41,56)(H,42,58)(H,43,49)(H,44,48)(H,45,55)(H,50,51)(H,52,53)(H,59,60)/t16-,17-,20-,22-,23-,24-/m0/s1",C[C@@H](C(=O)NCC(=O)NCC(=O)N[C@@H](CC(=O)O)C(=O)N[C@@H](C)C(=O)N[C@@H](CO)C(=O)NCC(=O)N[C@@H](CCC(=O)O)C(=O)O)NC(=O)[C@H](CC1=CNC2=CC=CC=C21)N,,CHEMBL2104403,,PubChem exact-name match (Delta Sleep-Inducing Peptide),high,
ectoin,Ectoin,small_molecule,96702-03-3,126041,WQXNXVUDBPYKBA-YFKPBYRVSA-N,"InChI=1S/C6H10N2O2/c1-4-7-3-2-5(8-4)6(9)10/h5H,2-3H2,1H3,(H,7,8)(H,9,10)/t5-/m0/s1",CC1=NCC[C@H](N1)C(=O)O,7GXZ3858RY,CHEMBL1230264,,PubChem exact-name match (Ectoin),high,
eloralintide,Eloralintide,peptide,,175663130,RLBIFQNAUXZCQB-UHFFFAOYSA-N,"InChI=1S/C201H319N49O65S2/c1-101(2)82-127(229-169(282)119(55-45-76-202)219-151(268)92-214-187(300)159(109(14)254)241-166(279)107(12)217-180(293)138-99-317-100-316-98-137(223-149(266)71-66-118(203)196(309)310)181(294)231-131(88-144(205)261)176(289)243-160(110(15)255)189(302)218-108(13)167(280)242-161(111(16)256)192(305)237-138)173(286)216-106(11)165(278)224-123(70-75-156(275)276)182(295)246-201(19,91-116-52-39-36-40-53-116)199(315)238-128(83-102(3)4)174(287)240-158(105(9)10)188(301)226-121(56-46-78-212-200(209)210)171(284)235-136(97-253)179(292)236-135(96-252)178(291)234-133(89-145(206)262)193(306)247(20)142(90-146(207)263)185(298)232-129(86-114-50-37-35-38-51-114)168(281)215-94-153(270)248-79-47-57-139(248)183(296)225-120(54-43-44-77-211-147(264)72-67-124(197(311)312)221-150(267)73-68-125(198(313)314)220-148(265)60-41-33-31-29-27-25-23-21-22-24-26-28-30-32-34-42-61-154(271)272)170(283)233-132(84-103(5)6)194(307)250-81-49-59-141(250)195(308)249-80-48-58-140(249)184(297)245-163(113(18)258)190(303)227-122(69-74-155(273)274)172(285)239-157(104(7)8)186(299)213-93-152(269)222-134(95-251)177(290)230-130(87-143(204)260)175(288)244-162(112(17)257)191(304)228-126(164(208)277)85-115-62-64-117(259)65-63-115/h35-40,50-53,62-65,101-113,118-142,157-163,251-259H,21-34,41-49,54-61,66-100,202-203H2,1-20H3,(H2,204,260)(H2,205,261)(H2,206,262)(H2,207,263)(H2,208,277)(H,211,264)(H,213,299)(H,214,300)(H,215,281)(H,216,286)(H,217,293)(H,218,302)(H,219,268)(H,220,265)(H,221,267)(H,222,269)(H,223,266)(H,224,278)(H,225,296)(H,226,301)(H,227,303)(H,228,304)(H,229,282)(H,230,290)(H,231,294)(H,232,298)(H,233,283)(H,234,291)(H,235,284)(H,236,292)(H,237,305)(H,238,315)(H,239,285)(H,240,287)(H,241,279)(H,242,280)(H,243,289)(H,244,288)(H,245,297)(H,246,295)(H,271,272)(H,273,274)(H,275,276)(H,309,310)(H,311,312)(H,313,314)(H4,209,210,212)",CC1C(=O)NC(C(=O)NC(CSCSCC(C(=O)NC(C(=O)NC(C(=O)N1)C(C)O)CC(=O)N)NC(=O)CCC(C(=O)O)N)C(=O)NC(C)C(=O)NC(C(C)O)C(=O)NCC(=O)NC(CCCN)C(=O)NC(CC(C)C)C(=O)NC(C)C(=O)NC(CCC(=O)O)C(=O)NC(C)(CC2=CC=CC=C2)C(=O)NC(CC(C)C)C(=O)NC(C(C)C)C(=O)NC(CCCNC(=N)N)C(=O)NC(CO)C(=O)NC(CO)C(=O)NC(CC(=O)N)C(=O)N(C)C(CC(=O)N)C(=O)NC(CC3=CC=CC=C3)C(=O)NCC(=O)N4CCCC4C(=O)NC(CCCCNC(=O)CCC(C(=O)O)NC(=O)CCC(C(=O)O)NC(=O)CCCCCCCCCCCCCCCCCCC(=O)O)C(=O)NC(CC(C)C)C(=O)N5CCCC5C(=O)N6CCCC6C(=O)NC(C(C)O)C(=O)NC(CCC(=O)O)C(=O)NC(C(C)C)C(=O)NCC(=O)NC(CO)C(=O)NC(CC(=O)N)C(=O)NC(C(C)O)C(=O)NC(CC7=CC=C(C=C7)O)C(=O)N)C(C)O,,,,PubChem exact-name match (Eloralintide),high,
epitalon,Epitalon (Epithalon),peptide,307297-39-8,219042,HGHOBRRUMWJWCU-FXQIFTODSA-N,"InChI=1S/C14H22N4O9/c1-6(15)12(25)17-7(2-3-9(19)20)14(27)18-8(4-10(21)22)13(26)16-5-11(23)24/h6-8H,2-5,15H2,1H3,(H,16,26)(H,17,25)(H,18,27)(H,19,20)(H,21,22)(H,23,24)/t6-,7-,8-/m0/s1",C[C@@H](C(=O)N[C@@H](CCC(=O)O)C(=O)N[C@@H](CC(=O)O)C(=O)NCC(=O)O)N,O65P17785G,,,PubChem exact-name match (Epitalon),high,
exosomes,Exosomes,blend,,,,,,,,,not-a-single-entity,none,
follistatin,Follistatin (FST-344),protein,,,,,,,,,not-a-single-entity,none,
fosgonimeton,Fosgonimeton (ATH-1017),small_molecule,2093305-05-4,156596375,MBYDCPOKVKDSFD-JTJYXVOQSA-N,"InChI=1S/C27H45N4O8P/c1-4-6-8-12-24(33)30-22(18-20-13-15-21(16-14-20)39-40(36,37)38)26(34)31-25(19(3)5-2)27(35)29-17-10-7-9-11-23(28)32/h13-16,19,22,25H,4-12,17-18H2,1-3H3,(H2,28,32)(H,29,35)(H,30,33)(H,31,34)(H2,36,37,38)/t19-,22-,25-/m0/s1",CCCCCC(=O)N[C@@H](CC1=CC=C(C=C1)OP(=O)(O)O)C(=O)N[C@@H]([C@@H](C)CC)C(=O)NCCCCCC(=O)N,H91OA9858J,CHEMBL5095419,,PubChem exact-name match (Fosgonimeton),high,
foxo4-dri,FOXO4-DRI,peptide,,,,,,,,,unresolved,none,
ghk-cu,GHK-Cu (Copper Tripeptide-1),peptide,49557-75-7,73587,MVORZMQFXBLMHM-QWRGUYRKSA-N,"InChI=1S/C14H24N6O4/c15-4-2-1-3-10(14(23)24)20-13(22)11(19-12(21)6-16)5-9-7-17-8-18-9/h7-8,10-11H,1-6,15-16H2,(H,17,18)(H,19,21)(H,20,22)(H,23,24)/t10-,11-/m0/s1",C1=C(NC=N1)C[C@@H](C(=O)N[C@@H](CCCCN)C(=O)O)NC(=O)CN,39TG2H631E,CHEMBL1814493,DB11296,PubChem exact-name match (copper peptide),high,PubChem record is the free peptide ligand — the coordinated metal ion is NOT part of this structure; the register compound is the metal complex
ghrp-2,GHRP-2 (Pralmorelin),peptide,158861-67-7,6918245,HRNLPPBUBKMZMT-RDRUQFPZSA-N,"InChI=1S/C45H55N9O6/c1-27(47)41(56)52-38(24-30-19-20-31-14-6-7-15-32(31)22-30)43(58)50-28(2)42(57)53-39(25-33-26-49-35-17-9-8-16-34(33)35)45(60)54-37(23-29-12-4-3-5-13-29)44(59)51-36(40(48)55)18-10-11-21-46/h3-9,12-17,19-20,22,26-28,36-39,49H,10-11,18,21,23-25,46-47H2,1-2H3,(H2,48,55)(H,50,58)(H,51,59)(H,52,56)(H,53,57)(H,54,60)/t27-,28+,36+,37-,38-,39+/m1/s1",C[C@H](C(=O)N[C@H](CC1=CC2=CC=CC=C2C=C1)C(=O)N[C@@H](C)C(=O)N[C@@H](CC3=CNC4=CC=CC=C43)C(=O)N[C@H](CC5=CC=CC=C5)C(=O)N[C@@H](CCCCN)C(=O)N)N,E6S6E1F19M,CHEMBL106593,,PubChem exact-name match (GHRP-2),high,
ghrp-6,GHRP-6,peptide,,4345065,WZHKXNSOCOQYQX-UHFFFAOYSA-N,"InChI=1S/C46H56N12O6/c1-27(54-44(62)39(20-29-23-51-35-15-7-5-13-32(29)35)57-43(61)34(48)22-31-25-50-26-53-31)42(60)56-40(21-30-24-52-36-16-8-6-14-33(30)36)46(64)58-38(19-28-11-3-2-4-12-28)45(63)55-37(41(49)59)17-9-10-18-47/h2-8,11-16,23-27,34,37-40,51-52H,9-10,17-22,47-48H2,1H3,(H2,49,59)(H,50,53)(H,54,62)(H,55,63)(H,56,60)(H,57,61)(H,58,64)",CC(C(=O)NC(CC1=CNC2=CC=CC=C21)C(=O)NC(CC3=CC=CC=C3)C(=O)NC(CCCCN)C(=O)N)NC(=O)C(CC4=CNC5=CC=CC=C54)NC(=O)C(CC6=CN=CN6)N,,,,PubChem exact-name match (GHRP-6),high,
glutathione,Glutathione (GSH),peptide,70-18-8,124886,RWSXRVCMGQZWBV-WDSKDSINSA-N,"InChI=1S/C10H17N3O6S/c11-5(10(18)19)1-2-7(14)13-6(4-20)9(17)12-3-8(15)16/h5-6,20H,1-4,11H2,(H,12,17)(H,13,14)(H,15,16)(H,18,19)/t5-,6-/m0/s1",C(CC(=O)N[C@@H](CS)C(=O)NCC(=O)O)[C@@H](C(=O)O)N,GAN16C9B8O,CHEMBL1543,DB00143,PubChem exact-name match (Glutathione),high,
hexarelin,Hexarelin (Examorelin),peptide,140703-51-1,6918297,RVWNMGKSNGWLOL-GIIHNPQRSA-N,"InChI=1S/C47H58N12O6/c1-27-34(33-15-7-9-17-37(33)54-27)23-41(58-44(62)35(49)22-31-25-51-26-53-31)45(63)55-28(2)43(61)57-40(21-30-24-52-36-16-8-6-14-32(30)36)47(65)59-39(20-29-12-4-3-5-13-29)46(64)56-38(42(50)60)18-10-11-19-48/h3-9,12-17,24-26,28,35,38-41,52,54H,10-11,18-23,48-49H2,1-2H3,(H2,50,60)(H,51,53)(H,55,63)(H,56,64)(H,57,61)(H,58,62)(H,59,65)/t28-,35-,38-,39+,40-,41+/m0/s1",CC1=C(C2=CC=CC=C2N1)C[C@H](C(=O)N[C@@H](C)C(=O)N[C@@H](CC3=CNC4=CC=CC=C43)C(=O)N[C@H](CC5=CC=CC=C5)C(=O)N[C@@H](CCCCN)C(=O)N)NC(=O)[C@H](CC6=CN=CN6)N,09QF37C617,CHEMBL108335,,PubChem exact-name match (Hexarelin),high,
humanin,Humanin (HN / HNG / S14G-Humanin),peptide,330936-69-1,16131438,DPEUWKZJZIPZKE-OFANTOPUSA-N,"InChI=1S/C119H204N34O32S2/c1-19-65(14)92(112(180)144-81(54-90(160)161)104(172)145-82(52-63(10)11)115(183)153-46-29-37-87(153)110(178)149-91(64(12)13)111(179)139-72(32-23-24-41-120)97(165)136-74(35-27-44-130-119(126)127)98(166)135-73(34-26-43-129-118(124)125)96(164)133-67(16)116(184)185)150-99(167)75(38-39-89(158)159)137-106(174)84(57-155)147-113(181)93(68(17)156)151-105(173)79(51-62(8)9)142-101(169)77(49-60(4)5)140-100(168)76(48-59(2)3)141-102(170)78(50-61(6)7)143-108(176)85(58-186)148-107(175)83(56-154)146-103(171)80(53-69-30-21-20-22-31-69)134-88(157)55-131-95(163)71(33-25-42-128-117(122)123)138-109(177)86-36-28-45-152(86)114(182)66(15)132-94(162)70(121)40-47-187-18/h20-22,30-31,59-68,70-87,91-93,154-156,186H,19,23-29,32-58,120-121H2,1-18H3,(H,131,163)(H,132,162)(H,133,164)(H,134,157)(H,135,166)(H,136,165)(H,137,174)(H,138,177)(H,139,179)(H,140,168)(H,141,170)(H,142,169)(H,143,176)(H,144,180)(H,145,172)(H,146,171)(H,147,181)(H,148,175)(H,149,178)(H,150,167)(H,151,173)(H,158,159)(H,160,161)(H,184,185)(H4,122,123,128)(H4,124,125,129)(H4,126,127,130)/t65-,66-,67-,68+,70-,71-,72-,73-,74-,75-,76-,77-,78-,79-,80-,81-,82-,83-,84-,85-,86-,87-,91-,92-,93-/m0/s1",CC[C@H](C)[C@@H](C(=O)N[C@@H](CC(=O)O)C(=O)N[C@@H](CC(C)C)C(=O)N1CCC[C@H]1C(=O)N[C@@H](C(C)C)C(=O)N[C@@H](CCCCN)C(=O)N[C@@H](CCCNC(=N)N)C(=O)N[C@@H](CCCNC(=N)N)C(=O)N[C@@H](C)C(=O)O)NC(=O)[C@H](CCC(=O)O)NC(=O)[C@H](CO)NC(=O)[C@H]([C@@H](C)O)NC(=O)[C@H](CC(C)C)NC(=O)[C@H](CC(C)C)NC(=O)[C@H](CC(C)C)NC(=O)[C@H](CC(C)C)NC(=O)[C@H](CS)NC(=O)[C@H](CO)NC(=O)[C@H](CC2=CC=CC=C2)NC(=O)CNC(=O)[C@H](CCCNC(=N)N)NC(=O)[C@@H]3CCCN3C(=O)[C@H](C)NC(=O)[C@H](CCSC)N,H975EUX36G,CHEMBL4447799,,PubChem exact-name match (Humanin),high,
hyaluronic-acid,Hyaluronic Acid (Sodium Hyaluronate),polysaccharide,,,,,,,,,not-a-single-entity,none,
igf-1-lr3,IGF-1 LR3 (Long R3 IGF-1),protein,,,,,,,,,unresolved,none,
ipamorelin,Ipamorelin,peptide,170851-70-4,9831659,NEHWBYHLYZGBNO-BVEPWEIPSA-N,"InChI=1S/C38H49N9O5/c1-38(2,41)37(52)47-32(21-28-22-42-23-43-28)36(51)46-31(20-25-15-16-26-12-6-7-13-27(26)18-25)35(50)45-30(19-24-10-4-3-5-11-24)34(49)44-29(33(40)48)14-8-9-17-39/h3-7,10-13,15-16,18,22-23,29-32H,8-9,14,17,19-21,39,41H2,1-2H3,(H2,40,48)(H,42,43)(H,44,49)(H,45,50)(H,46,51)(H,47,52)/t29-,30+,31+,32-/m0/s1",CC(C)(C(=O)N[C@@H](CC1=CN=CN1)C(=O)N[C@H](CC2=CC3=CC=CC=C3C=C2)C(=O)N[C@H](CC4=CC=CC=C4)C(=O)N[C@@H](CCCCN)C(=O)N)N,Y9M3S784Z6,CHEMBL58547,DB12370,PubChem exact-name match (Ipamorelin),high,
kisspeptin-10,Kisspeptin-10 (KP-10),peptide,374675-21-5,25240297,RITKWYDZSSQNJI-INXYWQKQSA-N,"InChI=1S/C63H83N17O14/c1-34(2)24-45(58(90)74-43(18-11-23-70-63(68)69)57(89)75-44(54(67)86)26-35-12-5-3-6-13-35)73-53(85)32-72-56(88)46(27-36-14-7-4-8-15-36)77-62(94)50(33-81)80-61(93)49(30-52(66)84)79-59(91)47(28-38-31-71-42-17-10-9-16-40(38)42)78-60(92)48(29-51(65)83)76-55(87)41(64)25-37-19-21-39(82)22-20-37/h3-10,12-17,19-22,31,34,41,43-50,71,81-82H,11,18,23-30,32-33,64H2,1-2H3,(H2,65,83)(H2,66,84)(H2,67,86)(H,72,88)(H,73,85)(H,74,90)(H,75,89)(H,76,87)(H,77,94)(H,78,92)(H,79,91)(H,80,93)(H4,68,69,70)/t41-,43-,44-,45-,46-,47-,48-,49-,50-/m0/s1",CC(C)C[C@@H](C(=O)N[C@@H](CCCN=C(N)N)C(=O)N[C@@H](CC1=CC=CC=C1)C(=O)N)NC(=O)CNC(=O)[C@H](CC2=CC=CC=C2)NC(=O)[C@H](CO)NC(=O)[C@H](CC(=O)N)NC(=O)[C@H](CC3=CNC4=CC=CC=C43)NC(=O)[C@H](CC(=O)N)NC(=O)[C@H](CC5=CC=C(C=C5)O)N,,CHEMBL376756,,PubChem exact-name match (Kisspeptin-10),high,
kojic-acid,Kojic Acid,small_molecule,501-30-4,3840,BEJNERDRQOWKJM-UHFFFAOYSA-N,"InChI=1S/C6H6O4/c7-2-4-1-5(8)6(9)3-10-4/h1,3,7,9H,2H2",C1=C(OC=C(C1=O)O)CO,6K23F1TT52,CHEMBL287556,DB01759,PubChem exact-name match (Kojic Acid),high,
kpv,KPV,peptide,,13294447,MJXXAPORLGKVLB-UHFFFAOYSA-N,"InChI=1S/C11H12O3/c12-10(11(13)14)8-4-7-9-5-2-1-3-6-9/h1-3,5-6H,4,7-8H2,(H,13,14)",C1=CC=C(C=C1)CCCC(=O)C(=O)O,,,DB08050,PubChem exact-name match (KPV),high,
larazotide,"Larazotide (AT-1001, Larazotide Acetate)",peptide,258818-34-7,9810532,ORFLZNAGUTZRLQ-ZMBVWFSWSA-N,"InChI=1S/C32H55N9O10/c1-16(2)12-20(38-30(49)26(17(3)4)39-24(44)14-35-23(43)13-33)28(47)40-27(18(5)6)31(50)37-19(9-10-22(34)42)32(51)41-11-7-8-21(41)29(48)36-15-25(45)46/h16-21,26-27H,7-15,33H2,1-6H3,(H2,34,42)(H,35,43)(H,36,48)(H,37,50)(H,38,49)(H,39,44)(H,40,47)(H,45,46)/t19-,20-,21-,26-,27-/m0/s1",CC(C)C[C@@H](C(=O)N[C@@H](C(C)C)C(=O)N[C@@H](CCC(=O)N)C(=O)N1CCC[C@H]1C(=O)NCC(=O)O)NC(=O)[C@H](C(C)C)NC(=O)CNC(=O)CN,,CHEMBL2105646,DB05645,PubChem exact-name match (Larazotide),high,
liraglutide,Liraglutide,peptide,204656-20-2,16134956,YSDQQAXHVYUZIW-QCIJIYAXSA-N,"InChI=1S/C172H265N43O51/c1-18-20-21-22-23-24-25-26-27-28-29-30-37-53-129(224)195-116(170(265)266)59-64-128(223)180-68-41-40-50-111(153(248)199-115(62-67-135(232)233)154(249)204-120(73-100-44-33-31-34-45-100)159(254)214-140(93(11)19-2)167(262)192-97(15)146(241)201-122(76-103-79-183-108-49-39-38-48-106(103)108)157(252)203-118(72-90(5)6)158(253)212-138(91(7)8)165(260)200-110(52-43-70-182-172(177)178)149(244)184-81-130(225)193-109(51-42-69-181-171(175)176)148(243)187-84-137(236)237)196-144(239)95(13)189-143(238)94(12)191-152(247)114(58-63-127(174)222)194-131(226)82-185-151(246)113(61-66-134(230)231)198-155(250)117(71-89(3)4)202-156(251)119(75-102-54-56-105(221)57-55-102)205-162(257)124(85-216)208-164(259)126(87-218)209-166(261)139(92(9)10)213-161(256)123(78-136(234)235)206-163(258)125(86-217)210-169(264)142(99(17)220)215-160(255)121(74-101-46-35-32-36-47-101)207-168(263)141(98(16)219)211-132(227)83-186-150(245)112(60-65-133(228)229)197-145(240)96(14)190-147(242)107(173)77-104-80-179-88-188-104/h31-36,38-39,44-49,54-57,79-80,88-99,107,109-126,138-142,183,216-221H,18-30,37,40-43,50-53,58-78,81-87,173H2,1-17H3,(H2,174,222)(H,179,188)(H,180,223)(H,184,244)(H,185,246)(H,186,245)(H,187,243)(H,189,238)(H,190,242)(H,191,247)(H,192,262)(H,193,225)(H,194,226)(H,195,224)(H,196,239)(H,197,240)(H,198,250)(H,199,248)(H,200,260)(H,201,241)(H,202,251)(H,203,252)(H,204,249)(H,205,257)(H,206,258)(H,207,263)(H,208,259)(H,209,261)(H,210,264)(H,211,227)(H,212,253)(H,213,256)(H,214,254)(H,215,255)(H,228,229)(H,230,231)(H,232,233)(H,234,235)(H,236,237)(H,265,266)(H4,175,176,181)(H4,177,178,182)/t93-,94-,95-,96-,97-,98+,99+,107-,109-,110-,111-,112-,113-,114-,115-,116-,117-,118-,119-,120-,121-,122-,123-,124-,125-,126-,138-,139-,140-,141-,142-/m0/s1",CCCCCCCCCCCCCCCC(=O)N[C@@H](CCC(=O)NCCCC[C@@H](C(=O)N[C@@H](CCC(=O)O)C(=O)N[C@@H](CC1=CC=CC=C1)C(=O)N[C@@H]([C@@H](C)CC)C(=O)N[C@@H](C)C(=O)N[C@@H](CC2=CNC3=CC=CC=C32)C(=O)N[C@@H](CC(C)C)C(=O)N[C@@H](C(C)C)C(=O)N[C@@H](CCCNC(=N)N)C(=O)NCC(=O)N[C@@H](CCCNC(=N)N)C(=O)NCC(=O)O)NC(=O)[C@H](C)NC(=O)[C@H](C)NC(=O)[C@H](CCC(=O)N)NC(=O)CNC(=O)[C@H](CCC(=O)O)NC(=O)[C@H](CC(C)C)NC(=O)[C@H](CC4=CC=C(C=C4)O)NC(=O)[C@H](CO)NC(=O)[C@H](CO)NC(=O)[C@H](C(C)C)NC(=O)[C@H](CC(=O)O)NC(=O)[C@H](CO)NC(=O)[C@H]([C@@H](C)O)NC(=O)[C@H](CC5=CC=CC=C5)NC(=O)[C@H]([C@@H](C)O)NC(=O)CNC(=O)[C@H](CCC(=O)O)NC(=O)[C@H](C)NC(=O)[C@H](CC6=CN=CN6)N)C(=O)O,,CHEMBL4084119,,PubChem exact-name match (Liraglutide),high,
ll-37,LL-37 (Cathelicidin),peptide,,16198951,POIUWJQBRNEFGX-XAMSXPGMSA-N,"InChI=1S/C205H340N60O53/c1-20-114(16)162(261-179(296)128(66-40-46-86-211)235-176(293)135(74-78-155(273)274)243-170(287)125(63-37-43-83-208)241-192(309)148(106-266)257-174(291)126(64-38-44-84-209)234-171(288)129(67-47-87-225-201(215)216)240-185(302)142(98-119-55-29-24-30-56-119)252-187(304)144(100-121-59-33-26-34-60-121)253-189(306)146(102-158(279)280)233-154(272)104-230-167(284)138(94-109(6)7)248-166(283)122(212)93-108(4)5)194(311)231-105-153(271)232-123(61-35-41-81-206)168(285)242-136(75-79-156(275)276)177(294)251-141(97-118-53-27-23-28-54-118)184(301)238-124(62-36-42-82-207)169(286)236-131(69-49-89-227-203(219)220)181(298)263-164(116(18)22-3)197(314)259-160(112(12)13)195(312)246-134(73-77-151(213)269)175(292)237-132(70-50-90-228-204(221)222)180(297)262-163(115(17)21-2)196(313)245-127(65-39-45-85-210)172(289)256-147(103-159(281)282)190(307)254-143(99-120-57-31-25-32-58-120)186(303)249-139(95-110(8)9)183(300)239-130(68-48-88-226-202(217)218)173(290)255-145(101-152(214)270)188(305)250-140(96-111(10)11)191(308)260-161(113(14)15)199(316)265-92-52-72-150(265)193(310)244-133(71-51-91-229-205(223)224)182(299)264-165(117(19)268)198(315)247-137(76-80-157(277)278)178(295)258-149(107-267)200(317)318/h23-34,53-60,108-117,122-150,160-165,266-268H,20-22,35-52,61-107,206-212H2,1-19H3,(H2,213,269)(H2,214,270)(H,230,284)(H,231,311)(H,232,271)(H,233,272)(H,234,288)(H,235,293)(H,236,286)(H,237,292)(H,238,301)(H,239,300)(H,240,302)(H,241,309)(H,242,285)(H,243,287)(H,244,310)(H,245,313)(H,246,312)(H,247,315)(H,248,283)(H,249,303)(H,250,305)(H,251,294)(H,252,304)(H,253,306)(H,254,307)(H,255,290)(H,256,289)(H,257,291)(H,258,295)(H,259,314)(H,260,308)(H,261,296)(H,262,297)(H,263,298)(H,264,299)(H,273,274)(H,275,276)(H,277,278)(H,279,280)(H,281,282)(H,317,318)(H4,215,216,225)(H4,217,218,226)(H4,219,220,227)(H4,221,222,228)(H4,223,224,229)/t114-,115-,116-,117+,122-,123-,124-,125-,126-,127-,128-,129-,130-,131-,132-,133-,134-,135-,136-,137-,138-,139-,140-,141-,142-,143-,144-,145-,146-,147-,148-,149-,150-,160-,161-,162-,163-,164-,165-/m0/s1",CC[C@H](C)[C@@H](C(=O)NCC(=O)N[C@@H](CCCCN)C(=O)N[C@@H](CCC(=O)O)C(=O)N[C@@H](CC1=CC=CC=C1)C(=O)N[C@@H](CCCCN)C(=O)N[C@@H](CCCNC(=N)N)C(=O)N[C@@H]([C@@H](C)CC)C(=O)N[C@@H](C(C)C)C(=O)N[C@@H](CCC(=O)N)C(=O)N[C@@H](CCCNC(=N)N)C(=O)N[C@@H]([C@@H](C)CC)C(=O)N[C@@H](CCCCN)C(=O)N[C@@H](CC(=O)O)C(=O)N[C@@H](CC2=CC=CC=C2)C(=O)N[C@@H](CC(C)C)C(=O)N[C@@H](CCCNC(=N)N)C(=O)N[C@@H](CC(=O)N)C(=O)N[C@@H](CC(C)C)C(=O)N[C@@H](C(C)C)C(=O)N3CCC[C@H]3C(=O)N[C@@H](CCCNC(=N)N)C(=O)N[C@@H]([C@@H](C)O)C(=O)N[C@@H](CCC(=O)O)C(=O)N[C@@H](CO)C(=O)O)NC(=O)[C@H](CCCCN)NC(=O)[C@H](CCC(=O)O)NC(=O)[C@H](CCCCN)NC(=O)[C@H](CO)NC(=O)[C@H](CCCCN)NC(=O)[C@H](CCCNC(=N)N)NC(=O)[C@H](CC4=CC=CC=C4)NC(=O)[C@H](CC5=CC=CC=C5)NC(=O)[C@H](CC(=O)O)NC(=O)CNC(=O)[C@H](CC(C)C)NC(=O)[C@H](CC(C)C)N,,CHEMBL530345,,PubChem exact-name match (LL-37),high,
matrixyl,Matrixyl (Palmitoyl Pentapeptide-4),peptide,214047-00-4,9897237,WSGCRSMLXFHGRM-DEVHWETNSA-N,"InChI=1S/C39H75N7O10/c1-4-5-6-7-8-9-10-11-12-13-14-15-16-23-32(50)42-29(21-17-19-24-40)36(52)45-34(28(3)49)38(54)46-33(27(2)48)37(53)43-30(22-18-20-25-41)35(51)44-31(26-47)39(55)56/h27-31,33-34,47-49H,4-26,40-41H2,1-3H3,(H,42,50)(H,43,53)(H,44,51)(H,45,52)(H,46,54)(H,55,56)/t27-,28-,29+,30+,31+,33+,34+/m1/s1",CCCCCCCCCCCCCCCC(=O)N[C@@H](CCCCN)C(=O)N[C@@H]([C@@H](C)O)C(=O)N[C@@H]([C@@H](C)O)C(=O)N[C@@H](CCCCN)C(=O)N[C@@H](CO)C(=O)O,KK181SM5JG,CHEMBL451881,,PubChem exact-name match (Matrixyl),high,
mazdutide,Mazdutide (IBI362 / LY3305677),peptide,2259884-03-0,167312357,XRBYWQZGSZWYEJ-HMQIFOERSA-N,"InChI=1S/C207H317N45O65/c1-116(2)93-144(189(295)230-138(70-76-168(271)272)179(285)221-107-162(264)219-109-166(268)252-86-46-57-157(252)201(307)245-154(110-253)181(287)220-106-159(213)261)234-190(296)145(94-117(3)4)236-194(300)151(100-127-104-218-133-52-37-36-51-131(127)133)240-188(294)142(73-79-171(277)278)233-202(308)174(119(7)8)249-197(303)149(96-123-47-30-28-31-48-123)238-187(293)141(72-78-170(275)276)231-183(289)135(56-41-45-83-215-164(266)113-316-91-90-315-88-85-217-165(267)114-317-92-89-314-87-84-216-160(262)75-69-143(205(311)312)225-161(263)58-34-26-24-22-20-18-16-14-15-17-19-21-23-25-27-35-59-167(269)270)226-177(283)120(9)224-182(288)134(53-38-42-80-208)227-184(290)136(54-39-43-81-209)228-186(292)140(71-77-169(273)274)232-195(301)152(102-172(279)280)241-191(297)146(95-118(5)6)235-192(298)147(98-125-60-64-129(258)65-61-125)237-185(291)137(55-40-44-82-210)229-199(305)155(111-254)244-193(299)148(99-126-62-66-130(259)67-63-126)239-196(302)153(103-173(281)282)242-200(306)156(112-255)246-204(310)176(122(11)257)250-198(304)150(97-124-49-32-29-33-50-124)243-203(309)175(121(10)256)248-163(265)108-222-180(286)139(68-74-158(212)260)247-206(313)207(12,13)251-178(284)132(211)101-128-105-214-115-223-128/h28-33,36-37,47-52,60-67,104-105,115-122,132,134-157,174-176,218,253-259H,14-27,34-35,38-46,53-59,68-103,106-114,208-211H2,1-13H3,(H2,212,260)(H2,213,261)(H,214,223)(H,215,266)(H,216,262)(H,217,267)(H,219,264)(H,220,287)(H,221,285)(H,222,286)(H,224,288)(H,225,263)(H,226,283)(H,227,290)(H,228,292)(H,229,305)(H,230,295)(H,231,289)(H,232,301)(H,233,308)(H,234,296)(H,235,298)(H,236,300)(H,237,291)(H,238,293)(H,239,302)(H,240,294)(H,241,297)(H,242,306)(H,243,309)(H,244,299)(H,245,307)(H,246,310)(H,247,313)(H,248,265)(H,249,303)(H,250,304)(H,251,284)(H,269,270)(H,271,272)(H,273,274)(H,275,276)(H,277,278)(H,279,280)(H,281,282)(H,311,312)/t120-,121+,122+,132-,134-,135-,136-,137-,138-,139-,140-,141-,142-,143-,144-,145-,146-,147-,148-,149-,150-,151-,152-,153-,154-,155-,156-,157-,174-,175-,176-/m0/s1",C[C@H]([C@@H](C(=O)N[C@@H](CC1=CC=CC=C1)C(=O)N[C@@H]([C@@H](C)O)C(=O)N[C@@H](CO)C(=O)N[C@@H](CC(=O)O)C(=O)N[C@@H](CC2=CC=C(C=C2)O)C(=O)N[C@@H](CO)C(=O)N[C@@H](CCCCN)C(=O)N[C@@H](CC3=CC=C(C=C3)O)C(=O)N[C@@H](CC(C)C)C(=O)N[C@@H](CC(=O)O)C(=O)N[C@@H](CCC(=O)O)C(=O)N[C@@H](CCCCN)C(=O)N[C@@H](CCCCN)C(=O)N[C@@H](C)C(=O)N[C@@H](CCCCNC(=O)COCCOCCNC(=O)COCCOCCNC(=O)CC[C@@H](C(=O)O)NC(=O)CCCCCCCCCCCCCCCCCCC(=O)O)C(=O)N[C@@H](CCC(=O)O)C(=O)N[C@@H](CC4=CC=CC=C4)C(=O)N[C@@H](C(C)C)C(=O)N[C@@H](CCC(=O)O)C(=O)N[C@@H](CC5=CNC6=CC=CC=C65)C(=O)N[C@@H](CC(C)C)C(=O)N[C@@H](CC(C)C)C(=O)N[C@@H](CCC(=O)O)C(=O)NCC(=O)NCC(=O)N7CCC[C@H]7C(=O)N[C@@H](CO)C(=O)NCC(=O)N)NC(=O)CNC(=O)[C@H](CCC(=O)N)NC(=O)C(C)(C)NC(=O)[C@H](CC8=CNC=N8)N)O,,,,PubChem exact-name match (Mazdutide),high,
melanotan-ii,Melanotan II,peptide,121062-08-6,92432,JDKLPDJLXHXHNV-MFVUMRCOSA-N,"InChI=1S/C50H69N15O9/c1-3-4-16-36(59-29(2)66)44(69)65-41-25-42(67)55-20-11-10-18-35(43(51)68)60-47(72)39(23-31-26-57-34-17-9-8-15-33(31)34)63-45(70)37(19-12-21-56-50(52)53)61-46(71)38(22-30-13-6-5-7-14-30)62-48(73)40(64-49(41)74)24-32-27-54-28-58-32/h5-9,13-15,17,26-28,35-41,57H,3-4,10-12,16,18-25H2,1-2H3,(H2,51,68)(H,54,58)(H,55,67)(H,59,66)(H,60,72)(H,61,71)(H,62,73)(H,63,70)(H,64,74)(H,65,69)(H4,52,53,56)/t35-,36-,37-,38+,39-,40-,41-/m0/s1",CCCC[C@@H](C(=O)N[C@H]1CC(=O)NCCCC[C@H](NC(=O)[C@@H](NC(=O)[C@@H](NC(=O)[C@H](NC(=O)[C@@H](NC1=O)CC2=CN=CN2)CC3=CC=CC=C3)CCCN=C(N)N)CC4=CNC5=CC=CC=C54)C(=O)N)NC(=O)C,UPF5CJ93X7,CHEMBL430239,,PubChem exact-name match (Melanotan II),high,
mgf,"MGF / PEG-MGF (Mechano Growth Factor, IGF-1Ec)",peptide,,447728,GJOMWUHGUQLOAC-UHFFFAOYSA-K,InChI=1S/3FH.Mg/h3*1H;/q;;;+2/p-3,[F-].[F-].[F-].[Mg+2],,,,PubChem exact-name match (MGF),high,
mk-677,MK-677 (Ibutamoren),small_molecule,159752-10-0,6450830,DUGMCDWNXXFHDE-VZYDHVRKSA-N,"InChI=1S/C27H36N4O5S.CH4O3S/c1-26(2,28)25(33)29-22(18-36-17-20-9-5-4-6-10-20)24(32)30-15-13-27(14-16-30)19-31(37(3,34)35)23-12-8-7-11-21(23)27;1-5(2,3)4/h4-12,22H,13-19,28H2,1-3H3,(H,29,33);1H3,(H,2,3,4)/t22-;/m1./s1",CC(C)(C(=O)N[C@H](COCC1=CC=CC=C1)C(=O)N2CCC3(CC2)CN(C4=CC=CC=C34)S(=O)(=O)C)N.CS(=O)(=O)O,R90JB6QJ2B,CHEMBL2105872,,PubChem exact-name match (MK-677),high,
mots-c,MOTS-c,peptide,1627580-64-6,146675088,WYTHCOXVWRKRAH-LOKRTKBUSA-N,"InChI=1S/C101H152N28O22S2/c1-7-57(4)83(96(148)126-76(50-58-19-9-8-10-20-58)92(144)127-78(52-60-30-34-63(131)35-31-60)97(149)129-46-18-27-79(129)95(147)122-69(25-16-44-112-100(107)108)86(138)118-67(23-13-14-42-102)87(139)124-74(49-56(2)3)91(143)123-73(98(150)151)26-17-45-113-101(109)110)128-94(146)75(51-59-28-32-62(130)33-29-59)116-81(133)55-115-85(137)72(41-48-153-6)121-90(142)71(37-39-82(134)135)119-89(141)70(36-38-80(104)132)120-93(145)77(53-61-54-114-66-22-12-11-21-64(61)66)125-88(140)68(24-15-43-111-99(105)106)117-84(136)65(103)40-47-152-5/h8-12,19-22,28-35,54,56-57,65,67-79,83,114,130-131H,7,13-18,23-27,36-53,55,102-103H2,1-6H3,(H2,104,132)(H,115,137)(H,116,133)(H,117,136)(H,118,138)(H,119,141)(H,120,145)(H,121,142)(H,122,147)(H,123,143)(H,124,139)(H,125,140)(H,126,148)(H,127,144)(H,128,146)(H,134,135)(H,150,151)(H4,105,106,111)(H4,107,108,112)(H4,109,110,113)/t57-,65-,67-,68-,69-,70-,71-,72-,73-,74-,75-,76-,77-,78-,79-,83-/m0/s1",CC[C@H](C)[C@@H](C(=O)N[C@@H](CC1=CC=CC=C1)C(=O)N[C@@H](CC2=CC=C(C=C2)O)C(=O)N3CCC[C@H]3C(=O)N[C@@H](CCCNC(=N)N)C(=O)N[C@@H](CCCCN)C(=O)N[C@@H](CC(C)C)C(=O)N[C@@H](CCCNC(=N)N)C(=O)O)NC(=O)[C@H](CC4=CC=C(C=C4)O)NC(=O)CNC(=O)[C@H](CCSC)NC(=O)[C@H](CCC(=O)O)NC(=O)[C@H](CCC(=O)N)NC(=O)[C@H](CC5=CNC6=CC=CC=C65)NC(=O)[C@H](CCCNC(=N)N)NC(=O)[C@H](CCSC)N,,,,PubChem exact-name match (MOTS-c),high,
nad-plus,NAD+ (and its precursors NMN / NR),small_molecule,53-84-9,5892,BAWFJGJZGIEFAR-NNYOXOHSSA-N,"InChI=1S/C21H27N7O14P2/c22-17-12-19(25-7-24-17)28(8-26-12)21-16(32)14(30)11(41-21)6-39-44(36,37)42-43(34,35)38-5-10-13(29)15(31)20(40-10)27-3-1-2-9(4-27)18(23)33/h1-4,7-8,10-11,13-16,20-21,29-32H,5-6H2,(H5-,22,23,24,25,33,34,35,36,37)/t10-,11-,13-,14-,15-,16-,20-,21-/m1/s1",C1=CC(=C[N+](=C1)[C@H]2[C@@H]([C@@H]([C@H](O2)COP(=O)([O-])OP(=O)(O)OC[C@@H]3[C@H]([C@H]([C@@H](O3)N4C=NC5=C(N=CN=C54)N)O)O)O)O)C(=O)N,0U46U6E8UK,CHEMBL1234613,DB14128,PubChem exact-name match (NAD+),high,
naringenin,Naringenin,small_molecule,480-41-1,439246,FTVWIRXFELQLPI-ZDUSSCGKSA-N,"InChI=1S/C15H12O5/c16-9-3-1-8(2-4-9)13-7-12(19)15-11(18)5-10(17)6-14(15)20-13/h1-6,13,16-18H,7H2/t13-/m0/s1",C1[C@H](OC2=CC(=CC(=C2C1=O)O)O)C3=CC=C(C=C3)O,HN5425SBF2,CHEMBL9352,DB03467,PubChem exact-name match (Naringenin),high,
niacinamide,Niacinamide (Vitamin B3),small_molecule,98-92-0,936,DFPAKSUCGFBDDF-UHFFFAOYSA-N,"InChI=1S/C6H6N2O/c7-6(9)5-2-1-3-8-4-5/h1-4H,(H2,7,9)",C1=CC(=CN=C1)C(=O)N,25X51I8RD4,CHEMBL1140,DB02701,PubChem exact-name match (Niacinamide),high,
noopept,Noopept (Omberacetam),small_molecule,157115-85-0,180496,PJNSMUBMSNAEEN-AWEZNQCLSA-N,"InChI=1S/C17H22N2O4/c1-2-23-16(21)12-18-17(22)14-9-6-10-19(14)15(20)11-13-7-4-3-5-8-13/h3-5,7-8,14H,2,6,9-12H2,1H3,(H,18,22)/t14-/m0/s1",CCOC(=O)CNC(=O)[C@@H]1CCCN1C(=O)CC2=CC=CC=C2,4QBJ98683M,CHEMBL4303687,,PubChem exact-name match (Noopept),high,
orforglipron,Orforglipron,small_molecule,2212020-52-3,137319706,USUWIEBBBWHKNI-KHIFEHGGSA-N,"InChI=1S/C48H48F2N10O5/c1-25-18-32(19-26(2)40(25)49)60-42(58-16-15-57(46(58)63)37-11-10-36-33(41(37)50)24-51-55(36)7)39-28(4)56(14-12-34(39)53-60)43(61)38-21-31-20-29(30-13-17-64-47(5,6)23-30)8-9-35(31)59(38)48(22-27(48)3)44-52-45(62)65-54-44/h8-11,15-16,18-21,24,27-28,30H,12-14,17,22-23H2,1-7H3,(H,52,54,62)/t27-,28-,30-,48-/m0/s1",C[C@H]1C[C@]1(C2=NOC(=O)N2)N3C4=C(C=C(C=C4)[C@H]5CCOC(C5)(C)C)C=C3C(=O)N6CCC7=NN(C(=C7[C@@H]6C)N8C=CN(C8=O)C9=C(C1=C(C=C9)N(N=C1)C)F)C1=CC(=C(C(=C1)C)F)C,7ZW40D021M,CHEMBL4446782,,PubChem exact-name match (Orforglipron),high,
oxytocin,Oxytocin,peptide,50-56-6,439302,XNOPRXBHLZRZKH-DSZYJQQASA-N,"InChI=1S/C43H66N12O12S2/c1-5-22(4)35-42(66)49-26(12-13-32(45)57)38(62)51-29(17-33(46)58)39(63)53-30(20-69-68-19-25(44)36(60)50-28(40(64)54-35)16-23-8-10-24(56)11-9-23)43(67)55-14-6-7-31(55)41(65)52-27(15-21(2)3)37(61)48-18-34(47)59/h8-11,21-22,25-31,35,56H,5-7,12-20,44H2,1-4H3,(H2,45,57)(H2,46,58)(H2,47,59)(H,48,61)(H,49,66)(H,50,60)(H,51,62)(H,52,65)(H,53,63)(H,54,64)/t22-,25-,26-,27-,28-,29-,30-,31-,35-/m0/s1",CC[C@H](C)[C@H]1C(=O)N[C@H](C(=O)N[C@H](C(=O)N[C@@H](CSSC[C@@H](C(=O)N[C@H](C(=O)N1)CC2=CC=C(C=C2)O)N)C(=O)N3CCC[C@H]3C(=O)N[C@@H](CC(C)C)C(=O)NCC(=O)N)CC(=O)N)CCC(=O)N,,CHEMBL395429,,PubChem exact-name match (Oxytocin),high,
palmitoyl-tripeptide-1-5,Palmitoyl Tripeptide-1 & Palmitoyl Tripeptide-5,peptide,,,,,,,,,unresolved,none,
pdrn,PDRN (Polydeoxyribonucleotide),blend,,,,,,,,,not-a-single-entity,none,
pemvidutide,Pemvidutide,peptide,,,,,,,,,unresolved,none,
petrelintide,Petrelintide,peptide,2766385-23-1,172915807,TVOIUFVYEVVHCS-HJODGROVSA-N,"InChI=1S/C185H305N49O61/c1-22-96(10)149(178(290)220-120(77-94(6)7)165(277)223-128(90-238)171(283)225-129(91-239)172(284)230-147(104(18)243)177(289)214-116(66-70-142(260)261)162(274)227-143(95(8)9)173(285)200-83-136(251)207-125(87-235)168(280)218-122(81-132(187)247)167(279)231-148(105(19)244)181(293)234-85-108(245)80-130(234)150(188)262)233(21)179(291)100(14)201-138(253)86-232(20)180(292)124(79-107-53-41-38-42-54-107)221-169(281)126(88-236)224-170(282)127(89-237)222-159(271)113(59-50-74-198-185(193)194)210-160(272)114(63-67-131(186)246)211-164(276)119(76-93(4)5)216-166(278)121(78-106-51-39-37-40-52-106)217-157(269)111(56-47-62-140(256)257)208-151(263)97(11)203-163(275)118(75-92(2)3)215-158(270)112(58-49-73-197-184(191)192)209-161(273)115(65-69-141(258)259)213-176(288)146(103(17)242)228-152(264)98(12)202-155(267)110-55-45-46-71-195-135(250)82-123(154(266)199-84-137(252)226-144(101(15)240)174(286)204-99(13)153(265)229-145(102(16)241)175(287)212-110)219-156(268)109(57-48-72-196-183(189)190)205-134(249)68-64-117(182(294)295)206-133(248)60-43-35-33-31-29-27-25-23-24-26-28-30-32-34-36-44-61-139(254)255/h37-42,51-54,92-105,108-130,143-149,235-245H,22-36,43-50,55-91H2,1-21H3,(H2,186,246)(H2,187,247)(H2,188,262)(H,195,250)(H,199,266)(H,200,285)(H,201,253)(H,202,267)(H,203,275)(H,204,286)(H,205,249)(H,206,248)(H,207,251)(H,208,263)(H,209,273)(H,210,272)(H,211,276)(H,212,287)(H,213,288)(H,214,289)(H,215,270)(H,216,278)(H,217,269)(H,218,280)(H,219,268)(H,220,290)(H,221,281)(H,222,271)(H,223,277)(H,224,282)(H,225,283)(H,226,252)(H,227,274)(H,228,264)(H,229,265)(H,230,284)(H,231,279)(H,254,255)(H,256,257)(H,258,259)(H,260,261)(H,294,295)(H4,189,190,196)(H4,191,192,197)(H4,193,194,198)/t96-,97-,98-,99-,100-,101+,102+,103+,104+,105+,108-,109-,110-,111-,112-,113-,114-,115-,116-,117-,118-,119-,120-,121-,122-,123-,124-,125-,126-,127-,128-,129-,130-,143-,144-,145-,146-,147-,148-,149-/m0/s1",CC[C@H](C)[C@@H](C(=O)N[C@@H](CC(C)C)C(=O)N[C@@H](CO)C(=O)N[C@@H](CO)C(=O)N[C@@H]([C@@H](C)O)C(=O)N[C@@H](CCC(=O)O)C(=O)N[C@@H](C(C)C)C(=O)NCC(=O)N[C@@H](CO)C(=O)N[C@@H](CC(=O)N)C(=O)N[C@@H]([C@@H](C)O)C(=O)N1C[C@H](C[C@H]1C(=O)N)O)N(C)C(=O)[C@H](C)NC(=O)CN(C)C(=O)[C@H](CC2=CC=CC=C2)NC(=O)[C@H](CO)NC(=O)[C@H](CO)NC(=O)[C@H](CCCNC(=N)N)NC(=O)[C@H](CCC(=O)N)NC(=O)[C@H](CC(C)C)NC(=O)[C@H](CC3=CC=CC=C3)NC(=O)[C@H](CCCC(=O)O)NC(=O)[C@H](C)NC(=O)[C@H](CC(C)C)NC(=O)[C@H](CCCNC(=N)N)NC(=O)[C@H](CCC(=O)O)NC(=O)[C@H]([C@@H](C)O)NC(=O)[C@H](C)NC(=O)[C@@H]4CCCCNC(=O)C[C@@H](C(=O)NCC(=O)N[C@H](C(=O)N[C@H](C(=O)N[C@H](C(=O)N4)[C@@H](C)O)C)[C@@H](C)O)NC(=O)[C@H](CCCNC(=N)N)NC(=O)CC[C@@H](C(=O)O)NC(=O)CCCCCCCCCCCCCCCCCCC(=O)O,,,,PubChem exact-name match (Petrelintide),high,
pramlintide,Pramlintide (Symlin),peptide,151126-32-8,70691388,TZIRZGBAFTZREM-MKAGXXMWSA-N,"InChI=1S/C171H267N51O53S2/c1-21-81(12)130(163(268)207-110(56-78(6)7)169(274)222-53-33-42-118(222)170(275)221-52-32-41-117(221)160(265)219-135(89(20)230)167(272)206-109(66-125(180)238)151(256)212-128(79(8)9)161(266)186-68-126(239)192-111(70-223)154(259)203-107(64-123(178)236)152(257)218-134(88(19)229)166(271)195-98(136(181)241)57-92-43-45-94(231)46-44-92)214-159(264)116-40-31-51-220(116)127(240)69-187-141(246)101(58-90-34-24-22-25-35-90)199-148(253)105(62-121(176)234)201-149(254)106(63-122(177)235)202-155(260)112(71-224)209-156(261)113(72-225)208-146(251)103(60-93-67-184-75-188-93)205-162(267)129(80(10)11)213-150(255)100(55-77(4)5)198-145(250)102(59-91-36-26-23-27-37-91)200-147(252)104(61-120(175)233)196-137(242)82(13)189-144(249)99(54-76(2)3)197-142(247)96(39-30-50-185-171(182)183)193-143(248)97(47-48-119(174)232)194-165(270)132(86(17)227)215-138(243)83(14)190-157(262)114-73-276-277-74-115(210-140(245)95(173)38-28-29-49-172)158(263)204-108(65-124(179)237)153(258)217-131(85(16)226)164(269)191-84(15)139(244)216-133(87(18)228)168(273)211-114/h22-27,34-37,43-46,67,75-89,95-118,128-135,223-231H,21,28-33,38-42,47-66,68-74,172-173H2,1-20H3,(H2,174,232)(H2,175,233)(H2,176,234)(H2,177,235)(H2,178,236)(H2,179,237)(H2,180,238)(H2,181,241)(H,184,188)(H,186,266)(H,187,246)(H,189,249)(H,190,262)(H,191,269)(H,192,239)(H,193,248)(H,194,270)(H,195,271)(H,196,242)(H,197,247)(H,198,250)(H,199,253)(H,200,252)(H,201,254)(H,202,260)(H,203,259)(H,204,263)(H,205,267)(H,206,272)(H,207,268)(H,208,251)(H,209,261)(H,210,245)(H,211,273)(H,212,256)(H,213,255)(H,214,264)(H,215,243)(H,216,244)(H,217,258)(H,218,257)(H,219,265)(H4,182,183,185)/t81-,82-,83-,84-,85+,86+,87+,88+,89+,95-,96-,97-,98-,99-,100-,101-,102-,103-,104-,105-,106-,107-,108-,109-,110-,111-,112-,113-,114-,115-,116-,117-,118-,128-,129-,130-,131-,132-,133-,134-,135-/m0/s1",CC[C@H](C)[C@@H](C(=O)N[C@@H](CC(C)C)C(=O)N1CCC[C@H]1C(=O)N2CCC[C@H]2C(=O)N[C@@H]([C@@H](C)O)C(=O)N[C@@H](CC(=O)N)C(=O)N[C@@H](C(C)C)C(=O)NCC(=O)N[C@@H](CO)C(=O)N[C@@H](CC(=O)N)C(=O)N[C@@H]([C@@H](C)O)C(=O)N[C@@H](CC3=CC=C(C=C3)O)C(=O)N)NC(=O)[C@@H]4CCCN4C(=O)CNC(=O)[C@H](CC5=CC=CC=C5)NC(=O)[C@H](CC(=O)N)NC(=O)[C@H](CC(=O)N)NC(=O)[C@H](CO)NC(=O)[C@H](CO)NC(=O)[C@H](CC6=CNC=N6)NC(=O)[C@H](C(C)C)NC(=O)[C@H](CC(C)C)NC(=O)[C@H](CC7=CC=CC=C7)NC(=O)[C@H](CC(=O)N)NC(=O)[C@H](C)NC(=O)[C@H](CC(C)C)NC(=O)[C@H](CCCNC(=N)N)NC(=O)[C@H](CCC(=O)N)NC(=O)[C@H]([C@@H](C)O)NC(=O)[C@H](C)NC(=O)[C@@H]8CSSC[C@@H](C(=O)N[C@H](C(=O)N[C@H](C(=O)N[C@H](C(=O)N[C@H](C(=O)N8)[C@@H](C)O)C)[C@@H](C)O)CC(=O)N)NC(=O)[C@H](CCCCN)N,,CHEMBL2103758,,PubChem exact-name match (Pramlintide),high,
pt-141,PT-141 (Bremelanotide),peptide,189691-06-3,9941379,FFHBJDQSGDNCIV-MFVUMRCOSA-N,"InChI=1S/C50H68N14O10/c1-3-4-16-35(58-29(2)65)43(67)64-41-25-42(66)54-20-11-10-18-37(49(73)74)60-46(70)39(23-31-26-56-34-17-9-8-15-33(31)34)62-44(68)36(19-12-21-55-50(51)52)59-45(69)38(22-30-13-6-5-7-14-30)61-47(71)40(63-48(41)72)24-32-27-53-28-57-32/h5-9,13-15,17,26-28,35-41,56H,3-4,10-12,16,18-25H2,1-2H3,(H,53,57)(H,54,66)(H,58,65)(H,59,69)(H,60,70)(H,61,71)(H,62,68)(H,63,72)(H,64,67)(H,73,74)(H4,51,52,55)/t35-,36-,37-,38+,39-,40-,41-/m0/s1",CCCC[C@@H](C(=O)N[C@H]1CC(=O)NCCCC[C@H](NC(=O)[C@@H](NC(=O)[C@@H](NC(=O)[C@H](NC(=O)[C@@H](NC1=O)CC2=CN=CN2)CC3=CC=CC=C3)CCCN=C(N)N)CC4=CNC5=CC=CC=C54)C(=O)O)NC(=O)C,6Y24O4F92S,CHEMBL2070241,DB11653,PubChem exact-name match (PT-141 (Bremelanotide)),high,
rapamycin,Rapamycin (Sirolimus),small_molecule,53123-88-9,5284616,QFJCIRLUMZQUOT-HPLJOQBZSA-N,"InChI=1S/C51H79NO13/c1-30-16-12-11-13-17-31(2)42(61-8)28-38-21-19-36(7)51(60,65-38)48(57)49(58)52-23-15-14-18-39(52)50(59)64-43(33(4)26-37-20-22-40(53)44(27-37)62-9)29-41(54)32(3)25-35(6)46(56)47(63-10)45(55)34(5)24-30/h11-13,16-17,25,30,32-34,36-40,42-44,46-47,53,56,60H,14-15,18-24,26-29H2,1-10H3/b13-11+,16-12+,31-17+,35-25+/t30-,32-,33-,34-,36-,37+,38+,39+,40-,42+,43+,44-,46-,47+,51-/m1/s1",C[C@@H]1CC[C@H]2C[C@@H](/C(=C/C=C/C=C/[C@H](C[C@H](C(=O)[C@@H]([C@@H](/C(=C/[C@H](C(=O)C[C@H](OC(=O)[C@@H]3CCCCN3C(=O)C(=O)[C@@]1(O2)O)[C@H](C)C[C@@H]4CC[C@H]([C@@H](C4)OC)O)C)/C)O)OC)C)C)/C)OC,W36ZG6FT64,,DB00877,PubChem exact-name match (Rapamycin),high,
retatrutide,Retatrutide,peptide,,,,,,,,,unresolved,none,
retinol,Retinol (Vitamin A),small_molecule,68-26-8,445354,FPIPGXGPPPQFEQ-OVSJKPMPSA-N,"InChI=1S/C20H30O/c1-16(8-6-9-17(2)13-15-21)11-12-19-18(3)10-7-14-20(19,4)5/h6,8-9,11-13,21H,7,10,14-15H2,1-5H3/b9-6+,12-11+,16-8+,17-13+",CC1=C(C(CCC1)(C)C)/C=C/C(=C/C=C/C(=C/CO)/C)/C,G2SH0XKK91,CHEMBL986,DB00162,PubChem exact-name match (Retinol),high,
selank,Selank,peptide,129954-34-3,11765600,JTDTXGMXNXBGBZ-YVHUGQOKSA-N,"InChI=1S/C33H57N11O9/c1-19(45)26(35)29(49)41-20(8-2-3-13-34)30(50)44-17-6-11-23(44)28(48)40-21(9-4-14-38-33(36)37)31(51)43-16-5-10-22(43)27(47)39-18-25(46)42-15-7-12-24(42)32(52)53/h19-24,26,45H,2-18,34-35H2,1H3,(H,39,47)(H,40,48)(H,41,49)(H,52,53)(H4,36,37,38)/t19-,20+,21+,22+,23+,24+,26+/m1/s1",C[C@H]([C@@H](C(=O)N[C@@H](CCCCN)C(=O)N1CCC[C@H]1C(=O)N[C@@H](CCCN=C(N)N)C(=O)N2CCC[C@H]2C(=O)NCC(=O)N3CCC[C@H]3C(=O)O)N)O,,,,PubChem exact-name match (Selank),high,
semaglutide,Semaglutide,peptide,910463-68-2,56843331,DLSWIYLPEUIQAV-CCUURXOWSA-N,"InChI=1S/C187H291N45O59/c1-18-105(10)154(180(282)208-108(13)159(261)216-133(86-114-89-200-119-50-40-39-49-117(114)119)170(272)218-129(82-102(4)5)171(273)228-152(103(6)7)178(280)215-121(53-44-72-199-186(192)193)162(264)201-91-141(242)209-120(52-43-71-198-185(190)191)161(263)204-94-151(257)258)230-172(274)131(83-111-45-33-31-34-46-111)219-167(269)126(64-69-149(253)254)214-166(268)122(51-41-42-70-195-144(245)98-290-79-78-289-76-74-197-145(246)99-291-80-77-288-75-73-196-139(240)66-61-127(183(285)286)211-140(241)54-37-29-27-25-23-21-19-20-22-24-26-28-30-38-55-146(247)248)212-158(260)107(12)206-157(259)106(11)207-165(267)125(60-65-138(189)239)210-142(243)92-202-163(265)123(62-67-147(249)250)213-168(270)128(81-101(2)3)217-169(271)130(85-113-56-58-116(238)59-57-113)220-175(277)135(95-233)223-177(279)137(97-235)224-179(281)153(104(8)9)229-174(276)134(88-150(255)256)221-176(278)136(96-234)225-182(284)156(110(15)237)231-173(275)132(84-112-47-35-32-36-48-112)222-181(283)155(109(14)236)227-143(244)93-203-164(266)124(63-68-148(251)252)226-184(287)187(16,17)232-160(262)118(188)87-115-90-194-100-205-115/h31-36,39-40,45-50,56-59,89-90,100-110,118,120-137,152-156,200,233-238H,18-30,37-38,41-44,51-55,60-88,91-99,188H2,1-17H3,(H2,189,239)(H,194,205)(H,195,245)(H,196,240)(H,197,246)(H,201,264)(H,202,265)(H,203,266)(H,204,263)(H,206,259)(H,207,267)(H,208,282)(H,209,242)(H,210,243)(H,211,241)(H,212,260)(H,213,270)(H,214,268)(H,215,280)(H,216,261)(H,217,271)(H,218,272)(H,219,269)(H,220,277)(H,221,278)(H,222,283)(H,223,279)(H,224,281)(H,225,284)(H,226,287)(H,227,244)(H,228,273)(H,229,276)(H,230,274)(H,231,275)(H,232,262)(H,247,248)(H,249,250)(H,251,252)(H,253,254)(H,255,256)(H,257,258)(H,285,286)(H4,190,191,198)(H4,192,193,199)/t105-,106-,107-,108-,109+,110+,118-,120-,121-,122-,123-,124-,125-,126-,127+,128-,129-,130-,131-,132-,133-,134-,135-,136-,137-,152-,153-,154-,155-,156-/m0/s1",CC[C@H](C)[C@@H](C(=O)N[C@@H](C)C(=O)N[C@@H](CC1=CNC2=CC=CC=C21)C(=O)N[C@@H](CC(C)C)C(=O)N[C@@H](C(C)C)C(=O)N[C@@H](CCCNC(=N)N)C(=O)NCC(=O)N[C@@H](CCCNC(=N)N)C(=O)NCC(=O)O)NC(=O)[C@H](CC3=CC=CC=C3)NC(=O)[C@H](CCC(=O)O)NC(=O)[C@H](CCCCNC(=O)COCCOCCNC(=O)COCCOCCNC(=O)CC[C@H](C(=O)O)NC(=O)CCCCCCCCCCCCCCCCC(=O)O)NC(=O)[C@H](C)NC(=O)[C@H](C)NC(=O)[C@H](CCC(=O)N)NC(=O)CNC(=O)[C@H](CCC(=O)O)NC(=O)[C@H](CC(C)C)NC(=O)[C@H](CC4=CC=C(C=C4)O)NC(=O)[C@H](CO)NC(=O)[C@H](CO)NC(=O)[C@H](C(C)C)NC(=O)[C@H](CC(=O)O)NC(=O)[C@H](CO)NC(=O)[C@H]([C@@H](C)O)NC(=O)[C@H](CC5=CC=CC=C5)NC(=O)[C@H]([C@@H](C)O)NC(=O)CNC(=O)[C@H](CCC(=O)O)NC(=O)C(C)(C)NC(=O)[C@H](CC6=CN=CN6)N,,,,PubChem exact-name match (Semaglutide),high,
semax,Semax,peptide,80714-61-0,9811102,AFEHBIGDWIGTEH-AQRCPPRCSA-N,"InChI=1S/C37H51N9O10S/c1-57-16-13-24(38)32(50)42-25(11-12-31(48)49)33(51)43-26(18-23-19-39-21-41-23)34(52)44-27(17-22-7-3-2-4-8-22)36(54)46-15-5-9-28(46)35(53)40-20-30(47)45-14-6-10-29(45)37(55)56/h2-4,7-8,19,21,24-29H,5-6,9-18,20,38H2,1H3,(H,39,41)(H,40,53)(H,42,50)(H,43,51)(H,44,52)(H,48,49)(H,55,56)/t24-,25-,26-,27-,28-,29-/m0/s1",CSCC[C@@H](C(=O)N[C@@H](CCC(=O)O)C(=O)N[C@@H](CC1=CN=CN1)C(=O)N[C@@H](CC2=CC=CC=C2)C(=O)N3CCC[C@H]3C(=O)NCC(=O)N4CCC[C@H]4C(=O)O)N,I5FAL2585H,,,PubChem exact-name match (Semax),high,
sermorelin,Sermorelin,peptide,86168-78-7,16132413,WGWPRVFKDLAUQJ-MITYVQBRSA-N,"InChI=1S/C149H246N44O42S/c1-20-77(13)116(191-122(211)81(17)168-132(221)104(66-113(204)205)178-121(210)79(15)167-123(212)88(152)62-84-39-43-86(198)44-40-84)145(234)185-102(63-83-32-23-22-24-33-83)138(227)193-118(82(18)197)146(235)186-103(65-111(155)202)137(226)189-108(71-196)142(231)182-101(64-85-41-45-87(199)46-42-85)136(225)175-93(38-31-56-165-149(161)162)126(215)174-91(35-26-28-53-151)131(220)190-115(76(11)12)143(232)184-97(58-72(3)4)124(213)166-68-112(203)170-94(47-49-109(153)200)128(217)180-100(61-75(9)10)135(224)188-106(69-194)140(229)169-80(16)120(209)172-92(37-30-55-164-148(159)160)125(214)173-90(34-25-27-52-150)127(216)179-99(60-74(7)8)134(223)181-98(59-73(5)6)133(222)176-95(48-50-110(154)201)129(218)183-105(67-114(206)207)139(228)192-117(78(14)21-2)144(233)177-96(51-57-236-19)130(219)187-107(70-195)141(230)171-89(119(156)208)36-29-54-163-147(157)158/h22-24,32-33,39-46,72-82,88-108,115-118,194-199H,20-21,25-31,34-38,47-71,150-152H2,1-19H3,(H2,153,200)(H2,154,201)(H2,155,202)(H2,156,208)(H,166,213)(H,167,212)(H,168,221)(H,169,229)(H,170,203)(H,171,230)(H,172,209)(H,173,214)(H,174,215)(H,175,225)(H,176,222)(H,177,233)(H,178,210)(H,179,216)(H,180,217)(H,181,223)(H,182,231)(H,183,218)(H,184,232)(H,185,234)(H,186,235)(H,187,219)(H,188,224)(H,189,226)(H,190,220)(H,191,211)(H,192,228)(H,193,227)(H,204,205)(H,206,207)(H4,157,158,163)(H4,159,160,164)(H4,161,162,165)/t77-,78-,79-,80-,81-,82+,88-,89-,90-,91-,92-,93-,94-,95-,96-,97-,98-,99-,100-,101-,102-,103-,104-,105-,106-,107-,108-,115-,116-,117-,118-/m0/s1",CC[C@H](C)[C@@H](C(=O)N[C@@H](CC1=CC=CC=C1)C(=O)N[C@@H]([C@@H](C)O)C(=O)N[C@@H](CC(=O)N)C(=O)N[C@@H](CO)C(=O)N[C@@H](CC2=CC=C(C=C2)O)C(=O)N[C@@H](CCCNC(=N)N)C(=O)N[C@@H](CCCCN)C(=O)N[C@@H](C(C)C)C(=O)N[C@@H](CC(C)C)C(=O)NCC(=O)N[C@@H](CCC(=O)N)C(=O)N[C@@H](CC(C)C)C(=O)N[C@@H](CO)C(=O)N[C@@H](C)C(=O)N[C@@H](CCCNC(=N)N)C(=O)N[C@@H](CCCCN)C(=O)N[C@@H](CC(C)C)C(=O)N[C@@H](CC(C)C)C(=O)N[C@@H](CCC(=O)N)C(=O)N[C@@H](CC(=O)O)C(=O)N[C@@H]([C@@H](C)CC)C(=O)N[C@@H](CCSC)C(=O)N[C@@H](CO)C(=O)N[C@@H](CCCNC(=N)N)C(=O)N)NC(=O)[C@H](C)NC(=O)[C@H](CC(=O)O)NC(=O)[C@H](C)NC(=O)[C@H](CC3=CC=C(C=C3)O)N,,,,PubChem exact-name match (Sermorelin),high,
slu-pp-332,"SLU-PP-332 (ERR agonist / ""exercise mimetic"")",small_molecule,,5338394,RNZIMBFHRXYRLL-XDHOZWIPSA-N,"InChI=1S/C18H14N2O2/c21-17-9-7-15(8-10-17)18(22)20-19-12-13-5-6-14-3-1-2-4-16(14)11-13/h1-12,21H,(H,20,22)/b19-12+",C1=CC=C2C=C(C=CC2=C1)/C=N/NC(=O)C3=CC=C(C=C3)O,,CHEMBL4208749,,PubChem exact-name match (SLU-PP-332),high,
slu-pp-915,SLU-PP-915,small_molecule,,142532359,CKROIKQTGRZRKF-UHFFFAOYSA-N,"InChI=1S/C17H13BFNO3S/c19-13-6-1-2-7-14(13)20-17(21)16-9-8-15(24-16)11-4-3-5-12(10-11)18(22)23/h1-10,22-23H,(H,20,21)",B(C1=CC(=CC=C1)C2=CC=C(S2)C(=O)NC3=CC=CC=C3F)(O)O,,CHEMBL5629871,,PubChem exact-name match (SLU-PP-915),high,
snap-8,SNAP-8 (Acetyl Octapeptide-3),peptide,868844-74-0,71587832,QGGBBQJHVCVVKM-XOBYPWAZSA-N,"InChI=1S/C42H72N16O15S/c1-20(23(53-22(3)59)10-13-31(61)62)51-26(11-14-32(63)64)38(71)57-28(15-18-74-4)40(73)56-27(9-12-30(43)60)39(72)55-25(8-6-17-50-42(47)48)37(70)54-24(7-5-16-49-41(45)46)36(69)52-21(2)35(68)58-29(34(44)67)19-33(65)66/h21,23-29,51H,1,5-19H2,2-4H3,(H2,43,60)(H2,44,67)(H,52,69)(H,53,59)(H,54,70)(H,55,72)(H,56,73)(H,57,71)(H,58,68)(H,61,62)(H,63,64)(H,65,66)(H4,45,46,49)(H4,47,48,50)/t21-,23-,24-,25-,26-,27-,28-,29-/m0/s1",C[C@@H](C(=O)N[C@@H](CC(=O)O)C(=O)N)NC(=O)[C@H](CCCN=C(N)N)NC(=O)[C@H](CCCN=C(N)N)NC(=O)[C@H](CCC(=O)N)NC(=O)[C@H](CCSC)NC(=O)[C@H](CCC(=O)O)NC(=C)[C@H](CCC(=O)O)NC(=O)C,,,,PubChem exact-name match (SNAP-8),high,
squalane,Squalane,small_molecule,111-01-3,8089,PRAKJMSDJKAYCZ-UHFFFAOYSA-N,"InChI=1S/C30H62/c1-25(2)15-11-19-29(7)23-13-21-27(5)17-9-10-18-28(6)22-14-24-30(8)20-12-16-26(3)4/h25-30H,9-24H2,1-8H3",CC(C)CCCC(C)CCCC(C)CCCCC(C)CCCC(C)CCCC(C)C,GW89575KF9,CHEMBL1552157,DB11420,PubChem exact-name match (Squalane),high,
ss-31,SS-31 (Elamipretide),peptide,736992-21-5,11764719,SFVLTCAESLKEHH-WKAQUBQDSA-N,"InChI=1S/C32H49N9O5/c1-19-15-22(42)16-20(2)23(19)18-27(41-29(44)24(34)11-8-14-38-32(36)37)31(46)39-25(12-6-7-13-33)30(45)40-26(28(35)43)17-21-9-4-3-5-10-21/h3-5,9-10,15-16,24-27,42H,6-8,11-14,17-18,33-34H2,1-2H3,(H2,35,43)(H,39,46)(H,40,45)(H,41,44)(H4,36,37,38)/t24-,25+,26+,27+/m1/s1",CC1=CC(=CC(=C1C[C@@H](C(=O)N[C@@H](CCCCN)C(=O)N[C@@H](CC2=CC=CC=C2)C(=O)N)NC(=O)[C@@H](CCCN=C(N)N)N)C)O,87GWG91S09,CHEMBL3833370,DB11981,PubChem exact-name match (SS-31),high,
survodutide,Survodutide (BI 456906),peptide,,,,,,,,,unresolved,none,
syn-ake,Syn-Ake (Dipeptide Diaminobutyroyl Benzylamide Diacetate),peptide,823202-99-9,71465152,HSUGRPOJOBRRBK-SXBSVMRRSA-N,"InChI=1S/C19H29N5O3.2C2H4O2/c20-10-8-15(18(26)22-13-14-5-2-1-3-6-14)23-19(27)16-7-4-12-24(16)17(25)9-11-21;2*1-2(3)4/h1-3,5-6,15-16H,4,7-13,20-21H2,(H,22,26)(H,23,27);2*1H3,(H,3,4)/t15-,16-;;/m0../s1",CC(=O)O.CC(=O)O.C1C[C@H](N(C1)C(=O)CCN)C(=O)N[C@@H](CCN)C(=O)NCC2=CC=CC=C2,38H206R00R,,,PubChem exact-name match (Syn-Ake),high,
tb-500,TB-500 (Thymosin Beta-4 fragment),peptide,885340-08-9,62707662,ADKDNDYYIZUVCZ-ZQNQAVPYSA-N,"InChI=1S/C38H68N10O14/c1-19(2)18-27(42-22(5)51)35(58)44-23(10-6-8-16-39)32(55)43-24(11-7-9-17-40)33(56)47-30(20(3)49)36(59)45-25(13-15-29(53)54)34(57)48-31(21(4)50)37(60)46-26(38(61)62)12-14-28(41)52/h19-21,23-27,30-31,49-50H,6-18,39-40H2,1-5H3,(H2,41,52)(H,42,51)(H,43,55)(H,44,58)(H,45,59)(H,46,60)(H,47,56)(H,48,57)(H,53,54)(H,61,62)/t20-,21-,23+,24+,25+,26+,27+,30+,31+/m1/s1",C[C@H]([C@@H](C(=O)N[C@@H](CCC(=O)O)C(=O)N[C@@H]([C@@H](C)O)C(=O)N[C@@H](CCC(=O)N)C(=O)O)NC(=O)[C@H](CCCCN)NC(=O)[C@H](CCCCN)NC(=O)[C@H](CC(C)C)NC(=O)C)O,,,,PubChem exact-name match (TB-500),high,
tesamorelin,Tesamorelin,peptide,218949-48-5,16137828,QBEPNUQJQWDYKU-BMGKTWPMSA-N,"InChI=1S/C221H366N72O67S/c1-25-28-30-53-163(308)260-145(92-120-54-58-122(299)59-55-120)198(343)255-116(21)179(324)276-150(96-169(316)317)199(344)256-117(22)180(325)291-172(111(16)26-2)214(359)284-147(91-119-43-31-29-32-44-119)206(351)293-174(118(23)298)215(360)285-149(95-162(230)307)205(350)289-155(104-297)210(355)280-146(93-121-56-60-123(300)61-57-121)203(348)267-130(51-41-83-248-220(240)241)186(331)266-126(46-34-36-78-223)197(342)290-171(110(14)15)212(357)283-141(87-106(6)7)183(328)252-100-166(311)258-133(63-70-157(225)302)190(335)278-144(90-109(12)13)202(347)288-152(101-294)208(353)257-115(20)178(323)262-128(49-39-81-246-218(236)237)185(330)265-125(45-33-35-77-222)189(334)277-143(89-108(10)11)201(346)279-142(88-107(8)9)200(345)272-137(66-73-160(228)305)195(340)282-151(97-170(318)319)207(352)292-173(112(17)27-3)213(358)274-139(76-85-361-24)196(341)287-153(102-295)209(354)268-131(52-42-84-249-221(242)243)187(332)270-135(64-71-158(226)303)192(337)269-132(62-69-156(224)301)182(327)251-99-165(310)259-134(67-74-167(312)313)191(336)286-154(103-296)211(356)281-148(94-161(229)306)204(349)273-136(65-72-159(227)304)193(338)271-138(68-75-168(314)315)194(339)264-124(47-37-79-244-216(232)233)181(326)250-98-164(309)253-113(18)176(321)261-127(48-38-80-245-217(234)235)184(329)254-114(19)177(322)263-129(50-40-82-247-219(238)239)188(333)275-140(175(231)320)86-105(4)5/h28-32,43-44,54-61,105-118,124-155,171-174,294-300H,25-27,33-42,45-53,62-104,222-223H2,1-24H3,(H2,224,301)(H2,225,302)(H2,226,303)(H2,227,304)(H2,228,305)(H2,229,306)(H2,230,307)(H2,231,320)(H,250,326)(H,251,327)(H,252,328)(H,253,309)(H,254,329)(H,255,343)(H,256,344)(H,257,353)(H,258,311)(H,259,310)(H,260,308)(H,261,321)(H,262,323)(H,263,322)(H,264,339)(H,265,330)(H,266,331)(H,267,348)(H,268,354)(H,269,337)(H,270,332)(H,271,338)(H,272,345)(H,273,349)(H,274,358)(H,275,333)(H,276,324)(H,277,334)(H,278,335)(H,279,346)(H,280,355)(H,281,356)(H,282,340)(H,283,357)(H,284,359)(H,285,360)(H,286,336)(H,287,341)(H,288,347)(H,289,350)(H,290,342)(H,291,325)(H,292,352)(H,293,351)(H,312,313)(H,314,315)(H,316,317)(H,318,319)(H4,232,233,244)(H4,234,235,245)(H4,236,237,246)(H4,238,239,247)(H4,240,241,248)(H4,242,243,249)/b30-28+/t111-,112-,113-,114-,115-,116-,117-,118+,124-,125-,126-,127-,128-,129-,130-,131-,132-,133-,134-,135-,136-,137-,138-,139-,140-,141-,142-,143-,144-,145-,146-,147-,148-,149-,150-,151-,152-,153-,154-,155-,171-,172-,173-,174-/m0/s1",CC/C=C/CC(=O)N[C@@H](CC1=CC=C(C=C1)O)C(=O)N[C@@H](C)C(=O)N[C@@H](CC(=O)O)C(=O)N[C@@H](C)C(=O)N[C@@H]([C@@H](C)CC)C(=O)N[C@@H](CC2=CC=CC=C2)C(=O)N[C@@H]([C@@H](C)O)C(=O)N[C@@H](CC(=O)N)C(=O)N[C@@H](CO)C(=O)N[C@@H](CC3=CC=C(C=C3)O)C(=O)N[C@@H](CCCNC(=N)N)C(=O)N[C@@H](CCCCN)C(=O)N[C@@H](C(C)C)C(=O)N[C@@H](CC(C)C)C(=O)NCC(=O)N[C@@H](CCC(=O)N)C(=O)N[C@@H](CC(C)C)C(=O)N[C@@H](CO)C(=O)N[C@@H](C)C(=O)N[C@@H](CCCNC(=N)N)C(=O)N[C@@H](CCCCN)C(=O)N[C@@H](CC(C)C)C(=O)N[C@@H](CC(C)C)C(=O)N[C@@H](CCC(=O)N)C(=O)N[C@@H](CC(=O)O)C(=O)N[C@@H]([C@@H](C)CC)C(=O)N[C@@H](CCSC)C(=O)N[C@@H](CO)C(=O)N[C@@H](CCCNC(=N)N)C(=O)N[C@@H](CCC(=O)N)C(=O)N[C@@H](CCC(=O)N)C(=O)NCC(=O)N[C@@H](CCC(=O)O)C(=O)N[C@@H](CO)C(=O)N[C@@H](CC(=O)N)C(=O)N[C@@H](CCC(=O)N)C(=O)N[C@@H](CCC(=O)O)C(=O)N[C@@H](CCCNC(=N)N)C(=O)NCC(=O)N[C@@H](C)C(=O)N[C@@H](CCCNC(=N)N)C(=O)N[C@@H](C)C(=O)N[C@@H](CCCNC(=N)N)C(=O)N[C@@H](CC(C)C)C(=O)N,,,,PubChem exact-name match (Tesamorelin),high,
tesofensine,Tesofensine,small_molecule,195875-84-4,11370864,VCVWXKKWDOJNIT-ZOMKSWQUSA-N,"InChI=1S/C17H23Cl2NO/c1-3-21-10-14-13(9-12-5-7-17(14)20(12)2)11-4-6-15(18)16(19)8-11/h4,6,8,12-14,17H,3,5,7,9-10H2,1-2H3/t12-,13+,14+,17+/m0/s1",CCOC[C@H]1[C@H]2CC[C@H](N2C)C[C@@H]1C3=CC(=C(C=C3)Cl)Cl,BLH9UKX9V1,CHEMBL3989690,DB06156,PubChem exact-name match (Tesofensine),high,
thymalin,Thymalin,peptide,,,,,,,,,not-a-single-entity,none,
thymosin-alpha-1,Thymosin Alpha-1 (Thymalfasin / Zadaxin),peptide,62304-98-7,16130571,NZVYCXVTEHPMHE-ZSUJOUNUSA-N,"InChI=1S/C129H215N33O55/c1-18-59(10)98(159-114(201)76(36-42-91(181)182)146-120(207)83(53-164)154-121(208)84(54-165)155-127(214)99(63(14)166)160-118(205)80(51-94(187)188)152-123(210)95(56(4)5)156-104(191)62(13)135-102(189)60(11)137-115(202)78(49-92(183)184)151-119(206)82(52-163)138-66(17)169)125(212)161-101(65(16)168)128(215)162-100(64(15)167)126(213)147-70(30-22-26-46-133)109(196)150-79(50-93(185)186)117(204)149-77(47-55(2)3)116(203)142-69(29-21-25-45-132)108(195)144-73(33-39-88(175)176)110(197)141-67(27-19-23-43-130)106(193)140-68(28-20-24-44-131)107(194)145-75(35-41-90(179)180)113(200)157-97(58(8)9)124(211)158-96(57(6)7)122(209)148-74(34-40-89(177)178)111(198)143-71(31-37-86(171)172)105(192)136-61(12)103(190)139-72(32-38-87(173)174)112(199)153-81(129(216)217)48-85(134)170/h55-65,67-84,95-101,163-168H,18-54,130-133H2,1-17H3,(H2,134,170)(H,135,189)(H,136,192)(H,137,202)(H,138,169)(H,139,190)(H,140,193)(H,141,197)(H,142,203)(H,143,198)(H,144,195)(H,145,194)(H,146,207)(H,147,213)(H,148,209)(H,149,204)(H,150,196)(H,151,206)(H,152,210)(H,153,199)(H,154,208)(H,155,214)(H,156,191)(H,157,200)(H,158,211)(H,159,201)(H,160,205)(H,161,212)(H,162,215)(H,171,172)(H,173,174)(H,175,176)(H,177,178)(H,179,180)(H,181,182)(H,183,184)(H,185,186)(H,187,188)(H,216,217)/t59-,60-,61-,62-,63+,64+,65+,67-,68-,69-,70-,71-,72-,73-,74-,75-,76-,77-,78-,79-,80-,81-,82-,83-,84-,95-,96-,97-,98-,99-,100-,101-/m0/s1",CC[C@H](C)[C@@H](C(=O)N[C@@H]([C@@H](C)O)C(=O)N[C@@H]([C@@H](C)O)C(=O)N[C@@H](CCCCN)C(=O)N[C@@H](CC(=O)O)C(=O)N[C@@H](CC(C)C)C(=O)N[C@@H](CCCCN)C(=O)N[C@@H](CCC(=O)O)C(=O)N[C@@H](CCCCN)C(=O)N[C@@H](CCCCN)C(=O)N[C@@H](CCC(=O)O)C(=O)N[C@@H](C(C)C)C(=O)N[C@@H](C(C)C)C(=O)N[C@@H](CCC(=O)O)C(=O)N[C@@H](CCC(=O)O)C(=O)N[C@@H](C)C(=O)N[C@@H](CCC(=O)O)C(=O)N[C@@H](CC(=O)N)C(=O)O)NC(=O)[C@H](CCC(=O)O)NC(=O)[C@H](CO)NC(=O)[C@H](CO)NC(=O)[C@H]([C@@H](C)O)NC(=O)[C@H](CC(=O)O)NC(=O)[C@H](C(C)C)NC(=O)[C@H](C)NC(=O)[C@H](C)NC(=O)[C@H](CC(=O)O)NC(=O)[C@H](CO)NC(=O)C,,CHEMBL2103979,,PubChem exact-name match (Thymosin Alpha-1),high,
tirzepatide,Tirzepatide,peptide,,,,,,,,,unresolved,none,
tranexamic-acid,Tranexamic Acid,small_molecule,1197-18-8,5526,GYDJEQRTZSCIOI-UHFFFAOYSA-N,"InChI=1S/C8H15NO2/c9-5-6-1-3-7(4-2-6)8(10)11/h6-7H,1-5,9H2,(H,10,11)",C1CC(CCC1CN)C(=O)O,,CHEMBL877,DB00302,PubChem exact-name match (Tranexamic Acid),high,
vip,VIP (Vasoactive Intestinal Peptide),peptide,,,,,,,,,unresolved,none,
vitamin-c,Vitamin C (L-Ascorbic Acid),small_molecule,50-81-7,54670067,CIWBSHSKHKDKBQ-JLAZNSOCSA-N,"InChI=1S/C6H8O6/c7-1-2(8)5-3(9)4(10)6(11)12-5/h2,5,7-10H,1H2/t2-,5+/m0/s1",C([C@@H]([C@@H]1C(=C(C(=O)O1)O)O)O)O,PQ6CK8PD0R,CHEMBL40274,DB00126,PubChem exact-name match (Vitamin C),high,
wolverine-stack,"""Wolverine"" Stack (BPC-157 + TB-500)",blend,,,,,,,,,not-a-single-entity,none,
